SleepQuality,Steps,Alarm,TimeInBed,TimeAsleep,TimeBeforeSleep,SnoreTime
88.0,7412,1,27064.7,25440.8,180.4,0
100.0,8293,0,36279.8,32168.1,4111.7,0
99.0,554,0,33787.8,28719.6,4167.2,0
60.0,0,1,21823.5,21678.1,145.5,0
77.0,0,1,25824.4,22209.0,1721.6,0
68.0,0,0,22089.2,18186.8,1914.4,0
81.0,0,0,27035.3,23160.2,1532.0,0
85.0,0,0,26752.7,22739.8,2051.0,0
87.0,0,0,29182.2,25680.3,1459.1,0
66.0,0,1,21987.7,16270.9,1685.7,0
90.0,0,0,30082.9,24367.1,2105.8,0
53.0,0,0,19902.8,17912.5,1326.9,0
89.0,0,0,29377.1,26929.0,1860.6,0
79.0,0,0,25559.8,19936.6,2215.2,0
84.0,0,0,28132.0,24662.4,1875.5,0
93.0,0,0,29468.9,25441.5,1768.1,0
72.0,0,0,23792.9,20541.2,1982.7,0
92.0,0,0,31171.9,28262.5,1350.8,0
83.0,0,0,30325.6,25271.4,202.2,0
63.0,0,0,20853.6,16196.3,2015.9,0
71.0,0,0,23492.7,20282.0,1801.1,0
86.0,0,0,31053.5,28051.7,2173.7,0
75.0,0,0,26658.7,22393.3,177.7,0
94.0,0,0,30864.2,25617.3,1543.2,0
83.0,0,0,30561.6,29644.7,203.7,0
60.0,0,1,20556.0,17883.7,1370.4,0
77.0,0,0,38336.0,32074.4,255.6,0
67.0,0,0,28602.3,24502.6,1716.1,0
74.0,0,0,33711.7,28655.0,224.7,0
86.0,0,1,30095.4,26784.9,200.6,0
87.0,0,1,28062.0,22449.6,187.1,0
86.0,0,0,31538.7,26702.8,210.3,0
88.0,0,0,34121.3,28320.6,227.5,0
74.0,0,0,26044.8,23093.0,173.6,0
64.0,0,0,20692.6,16967.9,138.0,0
99.0,0,0,35850.6,29636.5,239.0,0
70.0,0,0,23974.4,19259.4,159.8,0
95.0,0,0,36537.2,33857.8,243.6,0
47.0,0,0,17045.6,14772.9,113.6,0
79.0,0,0,28243.1,23253.5,188.3,0
66.0,0,1,23253.9,19455.8,155.0,0
99.0,0,0,30760.4,26761.6,205.1,0
68.0,0,0,25080.5,21569.2,167.2,0
89.0,0,1,31046.0,28251.9,207.0,0
68.0,0,1,22812.6,18554.2,152.1,0
90.0,0,1,29551.2,24921.5,197.0,0
87.0,0,0,32929.6,30295.3,219.5,0
77.0,0,0,29496.4,27824.9,196.6,0
72.0,0,0,24232.1,21808.9,161.5,0
56.0,0,0,31448.2,26835.8,209.7,0
65.0,0,1,24373.6,20961.3,162.5,0
67.0,0,1,23469.4,20027.2,156.5,0
82.0,0,1,26385.7,22251.9,175.9,0
63.0,0,1,22937.5,17891.2,152.9,0
72.0,0,1,22858.3,19124.7,152.4,0
70.0,0,1,19754.0,16330.0,131.7,0
86.0,0,1,27058.9,25435.4,180.4,0
100.0,0,0,33287.5,30291.6,221.9,0
68.0,0,1,20217.6,16039.3,134.8,0
64.0,0,1,21126.6,17746.4,140.8,0
75.0,0,1,21510.2,19144.1,143.4,0
65.0,0,1,21392.9,18968.4,142.6,0
70.0,0,1,23264.4,20705.3,155.1,0
74.0,0,1,23352.6,21017.3,155.7,0
81.0,0,1,27371.9,23631.1,182.5,0
68.0,0,0,43265.7,38650.7,288.4,0
66.0,0,1,25520.9,22373.3,170.1,0
56.0,0,1,21712.6,17876.7,144.8,0
80.0,0,1,24639.0,21518.0,164.3,0
71.0,0,1,23368.4,20408.4,155.8,0
80.0,0,0,31772.9,29972.4,211.8,0
80.0,0,1,24504.3,23197.4,163.4,0
75.0,0,1,23181.1,22099.3,154.5,0
77.0,0,1,25804.6,24342.3,172.0,0
78.0,0,1,25572.7,21395.9,170.5,0
56.0,0,1,18254.2,15151.0,121.7,0
93.0,0,0,33843.0,31248.4,225.6,0
55.0,0,1,19003.4,16469.6,126.7,0
54.0,0,1,20745.1,19085.5,138.3,0
60.0,0,1,20731.8,18658.7,138.2,0
71.0,0,1,23709.0,20626.8,158.1,0
68.0,0,1,27089.0,23657.8,180.6,0
65.0,0,1,22483.6,19186.0,149.9,0
82.0,0,1,26471.2,25765.3,176.5,0
66.0,0,1,22481.2,21207.3,149.9,0
63.0,0,1,25506.2,24060.8,170.0,0
45.0,0,1,25270.5,21901.1,168.5,0
62.0,0,1,23687.3,22266.1,157.9,0
59.0,0,1,21349.0,19854.5,142.3,0
68.0,0,1,25075.9,23320.6,167.2,0
81.0,0,0,28684.4,24859.8,191.2,0
86.0,0,0,32456.1,28561.4,216.4,0
58.0,0,1,22269.9,19746.0,148.5,0
51.0,0,1,20737.0,19631.0,138.2,0
73.0,0,1,25198.7,20830.9,168.0,0
51.0,0,1,20539.6,19170.3,136.9,0
69.0,0,0,29128.1,25438.6,194.2,0
66.0,0,1,24996.8,21747.2,166.6,0
52.0,0,1,22575.6,19415.0,150.5,0
70.0,0,1,26709.1,24750.4,178.1,0
58.0,0,1,21430.7,19716.2,142.9,0
78.0,0,1,30003.9,27803.6,200.0,0
61.0,0,0,25369.0,23762.3,169.1,0
62.0,0,0,27046.9,24342.3,180.3,0
93.0,0,0,30369.5,29357.2,202.5,0
80.0,0,0,24855.6,22784.3,165.7,0
95.0,0,0,33324.1,28214.4,222.2,0
83.0,0,0,29506.3,26752.4,196.7,0
43.0,0,1,15000.1,12350.1,100.0,0
98.0,0,0,37699.0,33803.5,251.3,0
99.0,0,0,36394.3,33240.1,242.6,0
76.0,0,1,25728.7,23756.2,171.5,0
75.0,0,1,24783.0,21561.2,165.2,0
74.0,0,1,24687.6,23041.8,164.6,0
78.0,0,1,26532.9,23614.3,176.9,0
97.0,0,0,36810.4,33252.0,245.4,0
97.0,0,0,35378.1,33845.0,235.9,0
81.0,0,1,26598.7,24825.5,177.3,0
60.0,0,1,20212.2,18662.6,134.7,0
67.0,0,1,22774.6,18978.8,151.8,0
88.0,0,1,30261.2,27840.3,201.7,0
95.0,0,0,33154.4,31165.1,221.0,0
95.0,0,0,36013.1,31571.5,240.1,0
75.0,0,1,26101.3,24796.3,174.0,0
84.0,0,1,29694.1,24844.1,198.0,0
73.0,0,1,24248.6,20126.3,161.7,0
100.0,0,1,35407.9,31040.9,236.1,0
90.0,0,0,36801.7,32262.8,245.3,0
77.0,0,0,28566.4,27138.1,190.4,0
91.0,0,0,32140.0,30854.4,214.3,0
94.0,0,1,34207.2,30900.5,228.0,0
71.0,0,0,25047.9,23044.1,167.0,0
49.0,0,0,16971.3,14538.7,113.1,0
94.0,0,0,35730.8,33229.6,238.2,0
93.0,0,0,31246.2,27496.6,208.3,0
82.0,0,0,29788.1,26014.9,198.6,0
80.0,0,0,28660.1,25889.6,191.1,0
97.0,0,0,34056.0,30650.4,227.0,0
97.0,0,0,33412.0,29291.2,222.7,0
82.0,0,0,28678.5,25810.7,191.2,0
73.0,0,0,24938.7,21613.6,166.3,0
78.0,0,1,26951.6,26771.9,179.7,0
80.0,0,1,26898.5,23939.7,179.3,0
96.0,0,0,32190.1,27468.9,214.6,0
94.0,0,0,31559.4,27667.1,210.4,0
69.0,0,1,23821.3,19533.5,158.8,0
67.0,0,1,22159.6,20682.3,147.7,0
80.0,0,1,26662.3,21774.2,177.7,0
71.0,0,1,22711.3,20061.6,151.4,0
89.0,0,1,29029.0,26029.4,193.5,0
81.0,0,0,27364.5,21800.4,182.4,0
93.0,0,0,31057.3,26398.7,207.0,0
92.0,0,1,31276.9,30442.9,208.5,0
58.0,0,1,19056.9,14102.1,127.0,0
67.0,0,1,22555.3,18946.5,150.4,0
57.0,0,1,18519.0,14259.6,123.5,0
95.0,0,0,36473.2,33676.9,243.2,0
65.0,0,1,23067.3,22452.2,153.8,0
48.0,0,1,16374.5,14737.0,109.2,0
71.0,0,1,23230.8,20830.2,154.9,0
78.0,0,1,26087.1,25913.2,173.9,0
69.0,0,1,23361.1,22193.0,155.7,0
92.0,0,0,31576.1,24418.9,210.5,0
90.0,0,0,29141.5,23993.2,194.3,0
68.0,0,1,21750.3,19285.3,145.0,0
70.0,0,1,22726.7,20681.3,151.5,0
82.0,0,1,24995.8,23829.4,166.6,0
76.0,0,1,25974.2,23723.1,173.2,0
75.0,0,1,25461.7,22745.8,169.7,0
99.0,0,0,33051.3,31398.8,220.3,0
66.0,0,1,21732.5,19776.5,144.9,0
67.0,0,1,21417.4,20632.1,142.8,0
85.0,0,1,26571.8,25686.1,177.1,0
67.0,0,1,21940.7,19819.8,146.3,0
67.0,0,1,21941.7,19966.9,1535.9,0
78.0,0,1,24961.1,21882.5,166.4,0
65.0,0,1,21455.6,20311.3,143.0,0
69.0,0,1,21986.3,20080.8,146.6,0
68.0,0,1,21862.5,18364.5,145.7,0
100.0,0,0,34627.6,30356.9,1154.3,0
97.0,0,0,38029.9,32832.4,253.5,0
92.0,0,0,29955.0,26160.7,199.7,0
80.0,0,0,25992.5,23999.8,1213.0,0
76.0,0,1,23224.9,20360.5,1083.8,0
67.0,2358,1,21630.0,18097.1,144.2,0
58.0,0,1,22087.1,21056.4,147.2,0
64.0,0,1,20112.8,18906.0,134.1,0
64.0,0,1,19915.9,19384.8,132.8,0
69.0,5145,1,23011.9,21938.0,153.4,0
97.0,0,0,39376.4,34913.7,262.5,0
65.0,0,1,21722.4,19260.5,144.8,0
73.0,0,1,22480.7,19857.9,674.4,0
64.0,0,1,20407.4,19183.0,136.0,0
66.0,0,1,20860.5,19887.0,139.1,0
58.0,0,1,18458.3,17596.9,123.1,0
93.0,0,0,30220.6,26291.9,201.5,0
64.0,0,1,21782.0,20329.9,145.2,0
74.0,0,1,24110.8,21539.0,160.7,0
67.0,0,1,21950.5,18804.3,146.3,0
68.0,0,1,22424.1,21377.6,149.5,0
68.0,0,1,21477.8,20618.6,143.2,0
76.0,0,1,25146.9,21458.6,167.6,0
75.0,0,1,24157.1,20372.5,161.0,0
68.0,0,1,22521.5,18767.9,150.1,0
78.0,0,1,25918.2,22980.8,172.8,0
86.0,4186,0,33505.5,28926.4,223.4,0
86.0,7560,0,35920.4,29574.5,239.5,0
87.0,0,1,28789.3,27253.9,191.9,0
94.0,0,0,31905.2,28821.1,212.7,0
74.0,0,1,24018.6,21776.9,160.1,0
86.0,0,1,26937.8,25052.2,179.6,0
76.0,0,1,24447.9,22084.6,1792.8,0
66.0,0,1,21517.5,17357.4,143.4,0
97.0,0,0,32588.1,27808.5,217.3,0
75.0,0,0,24012.5,20250.6,160.1,0
71.0,0,1,24130.8,22039.5,160.9,0
72.0,4915,1,23464.1,21899.8,156.4,0
69.0,5156,1,22168.9,22021.1,147.8,0
64.0,4955,1,21314.2,17264.5,142.1,0
61.0,5038,1,20404.8,19724.6,136.0,0
81.0,2568,0,27343.5,27161.2,182.3,0
67.0,2182,1,22177.7,20773.1,147.9,0
59.0,5696,1,19524.0,18352.6,130.2,0
78.0,7091,1,25070.8,24903.6,167.1,0
64.0,1969,1,21185.7,20267.7,141.2,0
65.0,6533,1,21537.4,19670.8,143.6,0
79.0,316,1,27835.2,21062.0,1113.4,1
69.0,5335,1,23457.3,21502.6,156.4,1
66.0,5720,1,24908.9,23912.6,166.1,1
87.0,3537,1,27389.4,27206.8,182.6,1
81.0,3373,1,26798.6,24118.8,178.7,1
94.0,1257,0,36479.3,30642.6,243.2,1
72.0,2938,1,24451.0,20620.3,1711.6,1
77.0,3245,1,26692.8,23044.8,178.0,1
67.0,5843,1,22640.8,17433.4,3094.2,1
64.0,2975,1,25157.8,24990.1,167.7,1
45.0,4143,1,20194.7,19319.6,134.6,1
72.0,3851,1,23640.6,23483.0,157.6,1
91.0,0,1,28491.6,27352.0,189.9,1
76.0,3624,1,24352.1,24189.8,162.3,1
79.0,3215,1,26167.1,24073.7,1221.1,1
75.0,1803,1,23607.6,20774.7,1180.4,1
44.0,719,0,14083.5,13989.6,93.9,1
67.0,1178,1,22310.2,20004.8,148.7,1
70.0,0,1,22374.0,20882.4,1491.6,1
73.0,3536,1,24477.2,22763.8,163.2,1
73.0,4804,1,25778.3,23286.4,171.9,1
96.0,8072,0,35955.9,34997.1,239.7,1
59.0,1371,1,21448.9,20018.9,1429.9,1
58.0,4106,1,23338.2,18126.0,1555.9,1
70.0,3649,1,22961.3,20435.6,153.1,1
64.0,3642,1,20033.5,19031.8,1001.7,1
68.0,2928,1,22814.3,22662.2,152.1,1
93.0,4885,1,35226.7,31351.7,234.8,1
90.0,9594,1,35471.9,31806.4,236.5,1
88.0,3038,1,29528.1,25098.9,196.9,1
62.0,3172,1,22267.5,19521.2,148.4,1
68.0,3499,1,23171.5,21472.3,154.5,1
75.0,3795,1,24594.5,23446.8,1147.7,1
83.0,4401,1,30275.2,25834.9,201.8,1
63.0,5512,1,26996.7,23577.1,180.0,1
81.0,7761,1,27719.0,25593.9,184.8,1
69.0,4467,1,25211.9,23531.1,168.1,1
69.0,4640,1,23637.7,21983.0,157.6,1
73.0,4065,1,25737.3,22219.9,171.6,1
78.0,2734,1,25113.1,20592.7,1674.2,1
72.0,864,1,25859.6,22670.2,1034.4,1
81.0,4097,1,25527.2,22549.0,170.2,1
67.0,3799,1,25292.3,20571.0,843.1,1
75.0,4094,1,23999.6,23359.6,160.0,1
63.0,5034,1,20743.2,20604.9,138.3,1
83.0,4369,0,28594.0,23733.0,190.6,1
96.0,3132,0,34774.7,33267.8,231.8,1
96.0,4763,0,34098.5,28983.7,227.3,1
67.0,3311,1,23993.8,19994.8,160.0,1
58.0,4147,1,19990.9,17058.9,133.3,1
69.0,4014,1,23068.7,22914.9,153.8,1
95.0,7954,0,38239.0,34160.2,254.9,1
83.0,9361,0,28016.1,22506.3,186.8,1
65.0,4972,1,22266.5,19000.7,1336.0,1
83.0,8630,1,28531.1,27104.5,190.2,1
77.0,3339,1,28239.4,26450.9,188.3,1
55.0,9482,1,17859.8,13871.1,1190.7,1
73.0,5683,1,30728.2,27143.3,2048.5,1
78.0,2494,0,26123.8,22466.5,174.2,1
95.0,3948,1,29931.6,28834.1,199.5,1
95.0,4803,1,30672.1,30467.7,204.5,1
98.0,12943,1,31526.6,28584.1,210.2,1
76.0,3698,1,29039.8,23909.4,193.6,1
79.0,5512,0,28810.2,25160.9,192.1,1
79.0,6165,0,30762.8,26045.9,205.1,1
66.0,8761,0,27334.2,24054.1,182.2,1
68.0,5224,0,26210.7,26036.0,174.7,1
75.0,2925,0,31086.7,27149.0,207.2,1
84.0,5063,0,32225.2,28465.6,214.8,1
96.0,970,0,31633.6,29419.3,210.9,1
47.0,4243,0,20084.3,18343.7,133.9,1
85.0,3717,0,29102.9,27841.8,194.0,1
78.0,0,1,25599.3,23124.7,170.7,1
17.0,0,1,4941.3,4842.5,98.8,1
76.0,0,1,26206.1,22711.9,174.7,1
69.0,0,1,22951.8,20350.6,153.0,1
28.0,0,1,9525.8,6985.6,63.5,1
69.0,0,1,22220.1,22071.9,148.1,1
73.0,0,1,24056.0,20367.4,160.4,1
16.0,0,1,4647.0,4554.1,92.9,1
88.0,0,1,28930.7,22951.7,192.9,1
80.0,0,1,27469.1,23257.2,183.1,1
96.0,843,0,32210.6,28560.1,214.7,1
80.0,13978,1,27903.9,27717.9,186.0,1
87.0,13413,1,31407.6,28580.9,209.4,1
86.0,10138,1,32213.2,26951.7,214.8,1
21.0,27,0,5786.7,5671.0,115.7,1
65.0,1083,1,25687.0,20463.9,171.2,1
78.0,4686,1,28876.2,24063.5,192.5,1
88.0,0,1,29203.8,26964.9,194.7,1
78.0,17378,0,28533.8,23968.4,190.2,1
64.0,13087,0,20876.9,16701.5,139.2,1
13.0,0,1,3648.1,3575.2,73.0,1
12.0,0,1,3447.8,3378.9,69.0,1
7.0,0,1,1900.0,1862.0,38.0,1
71.0,11587,0,24508.7,21486.0,163.4,1
76.0,2320,1,24899.8,22077.9,166.0,1
87.0,20339,0,29900.5,25315.8,199.3,1
66.0,11958,1,22909.2,19778.3,152.7,1
13.0,48,1,3672.3,3598.9,73.4,1
6.0,0,1,1743.5,1708.6,34.9,1
65.0,8756,0,20975.4,20206.3,139.8,1
59.0,1465,1,20860.5,19261.2,139.1,1
14.0,32,1,3966.9,3887.5,79.3,1
40.0,2669,0,13721.1,13035.0,91.5,1
75.0,6944,1,24529.1,24365.5,163.5,1
93.0,15484,1,30889.1,26461.7,205.9,1
82.0,12091,1,28885.4,28692.8,192.6,1
75.0,7730,1,26211.0,22279.4,174.7,1
93.0,10085,1,30477.6,29258.5,203.2,1
74.0,2066,0,26826.9,26648.0,178.8,1
73.0,3500,1,22792.8,22640.9,152.0,1
83.0,11374,1,27738.0,24224.5,184.9,1
77.0,5746,1,27575.4,23071.4,183.8,1
70.0,5591,1,23082.6,18773.9,153.9,1
80.0,3832,1,28112.8,22209.1,187.4,1
61.0,1505,0,23999.4,21039.4,160.0,1
61.0,6335,1,21629.0,18240.4,144.2,1
66.0,6392,1,22052.1,21096.5,147.0,1
74.0,3427,1,25188.9,22250.2,167.9,1
96.0,1805,0,31964.1,28128.4,213.1,1
61.0,3384,1,23682.8,21077.7,157.9,1
66.0,6070,1,23456.5,20954.5,156.4,1
60.0,4192,1,26481.3,22597.4,176.5,1
83.0,3824,1,28028.9,27842.0,186.9,1
31.0,4658,0,10956.0,10883.0,73.0,1
81.0,1018,0,27780.9,22502.5,185.2,1
72.0,2875,1,23825.7,20251.8,158.8,1
60.0,5983,1,22915.4,20318.3,152.8,1
80.0,5172,1,27739.0,27554.1,184.9,1
73.0,2415,1,25382.7,23605.9,169.2,1
79.0,4322,1,28404.3,24427.7,189.4,1
83.0,6773,1,26174.5,25040.2,174.5,1
79.0,7667,1,26540.3,22559.2,176.9,1
22.0,6478,1,6159.4,6036.3,123.2,1
84.0,0,0,30221.7,27703.2,201.5,1
35.0,3469,1,10807.4,7132.9,72.0,1
60.0,0,1,16735.9,16624.3,111.6,1
64.0,4070,1,20723.6,16371.6,138.2,0
72.0,6279,1,24590.6,24426.7,163.9,1
76.0,3970,1,27720.2,24948.2,184.8,1
14.0,8,1,4023.3,3942.8,80.5,1
65.0,4473,1,22744.0,20242.1,151.6,1
69.0,3250,1,23559.9,23402.8,157.1,1
94.0,5937,0,29874.7,28779.3,199.2,1
67.0,4835,1,26498.9,23230.7,176.7,1
73.0,2216,1,25415.4,22280.9,169.4,0
65.0,1608,1,21166.8,21025.7,141.1,1
64.0,3599,1,21715.1,17951.1,144.8,1
61.0,3855,1,22252.4,18098.6,148.3,1
72.0,5080,1,26087.9,22348.7,173.9,1
87.0,2095,1,29611.7,27144.1,197.4,1
73.0,5393,1,25862.1,21724.2,172.4,1
79.0,4292,1,27967.3,25077.3,186.4,1
85.0,4734,0,29007.3,23302.5,193.4,1
94.0,3562,0,27512.8,27329.4,183.4,1
90.0,3002,0,33095.5,28572.5,220.6,1
50.0,1451,1,16331.5,16222.7,108.9,1
77.0,5831,1,28034.2,23735.6,186.9,1
67.0,4435,1,22060.2,21913.2,147.1,1
81.0,6932,0,35940.1,30788.7,239.6,1
52.0,3745,1,17212.7,17098.0,114.8,1
15.0,3250,1,4159.9,4076.7,83.2,1
62.0,1325,1,20274.0,20138.8,135.2,1
74.0,5455,1,21685.4,21540.9,144.6,1
97.0,5336,0,36315.3,34015.4,242.1,1
94.0,1339,0,33253.8,29152.5,221.7,1
56.0,410,0,18545.3,16938.0,123.6,1
64.0,1519,0,22918.8,19710.2,152.8,1
73.0,1420,1,24925.7,21353.0,166.2,1
83.0,1711,0,29134.1,23792.8,194.2,1
84.0,1331,0,31796.5,29570.8,212.0,1
77.0,3990,0,28814.7,27566.1,192.1,1
54.0,1318,1,23214.8,20196.9,154.8,1
67.0,2162,0,44250.6,36580.5,295.0,1
57.0,823,0,22198.1,17684.5,148.0,1
60.0,3094,0,20946.6,15919.4,139.6,1
96.0,3876,1,30706.9,29376.3,204.7,1
68.0,1178,1,22019.9,20992.3,146.8,1
79.0,3471,1,27307.3,24667.6,182.0,1
100.0,3636,1,29593.5,29396.2,197.3,1
55.0,2750,1,17275.5,15260.0,115.2,1
54.0,1103,1,21447.7,19302.9,143.0,1
63.0,3605,1,22005.5,18924.7,146.7,1
49.0,2907,1,20865.6,20239.6,139.1,1
76.0,4780,1,24339.4,21824.3,162.3,1
75.0,1566,0,30540.2,28198.8,203.6,1
86.0,1640,1,29042.0,26525.0,193.6,1
71.0,3252,1,24652.3,22104.9,164.3,1
79.0,3889,1,24398.5,21633.4,162.7,1
79.0,3041,1,26140.5,23439.3,174.3,1
85.0,4855,1,29501.2,27829.4,196.7,1
75.0,1596,1,24485.0,19996.1,163.2,1
78.0,3082,1,27169.0,24814.3,181.1,1
81.0,3922,1,29931.2,24543.6,199.5,1
79.0,4331,1,28509.4,23377.7,190.1,1
93.0,8035,1,39165.2,36032.0,261.1,1
86.0,3569,1,28758.3,27416.3,191.7,1
84.0,4106,0,27613.1,26048.4,184.1,1
83.0,7780,0,35710.7,31306.4,238.1,1
72.0,4220,1,26128.0,22644.3,174.2,1
84.0,4581,1,28460.3,25614.3,189.7,1
85.0,3228,1,27330.1,26328.0,182.2,1
100.0,3183,0,35568.5,31656.0,237.1,1
80.0,933,0,29650.6,25894.8,197.7,1
73.0,683,1,28187.5,25744.5,187.9,1
61.0,3282,1,25250.4,25082.0,168.3,1
78.0,3030,1,25011.7,22427.1,166.7,1
99.0,4179,0,31888.2,30931.5,212.6,1
68.0,2174,1,24019.5,20576.7,160.1,1
88.0,3837,1,28285.3,25551.0,188.6,1
79.0,4509,1,25789.2,23038.4,171.9,1
94.0,4439,0,29282.1,25475.4,195.2,1
93.0,2018,0,32176.9,26385.1,214.5,1
64.0,2039,0,23058.6,17832.0,153.7,1
75.0,1112,1,23783.0,22673.1,158.6,1
77.0,5757,1,25132.7,24965.2,167.6,1
77.0,5801,1,22492.1,20167.9,149.9,1
86.0,4669,0,27856.1,26091.9,185.7,1
87.0,656,0,29543.0,27179.6,197.0,1
83.0,3804,1,29421.6,25400.6,196.1,1
91.0,4768,1,28866.1,26941.7,192.4,1
73.0,4991,1,23731.7,23573.5,158.2,1
96.0,3026,1,32657.6,32439.9,217.7,1
67.0,76,0,24840.3,22770.3,165.6,0
85.0,2515,0,32404.8,27004.0,216.0,1
66.0,3049,0,26757.3,24349.1,178.4,1
57.0,2629,0,19911.7,16327.6,132.7,1
75.0,1717,1,28783.6,27920.1,191.9,1
72.0,3671,0,33032.9,28738.7,220.2,1
61.0,3314,1,25139.0,20278.8,167.6,1
76.0,3149,1,27587.2,23541.1,183.9,1
62.0,4066,1,24487.2,21140.6,163.2,1
68.0,4113,0,24784.1,20488.2,165.2,1
50.0,4345,0,19528.3,16729.3,130.2,1
78.0,4906,1,30871.1,29739.2,205.8,1
77.0,3361,1,31766.4,29860.4,211.8,1
71.0,4109,1,25188.8,21830.3,167.9,1
81.0,2726,1,31679.1,31467.9,211.2,1
60.0,2030,1,28215.0,28026.9,188.1,1
72.0,4062,1,28047.7,26645.4,187.0,1
94.0,5280,1,36770.2,32602.9,245.1,1
83.0,3310,1,28397.2,25746.8,189.3,1
60.0,3992,1,25309.6,23369.2,168.7,1
68.0,3222,0,25488.9,20985.9,169.9,1
67.0,527,1,25192.4,22421.2,167.9,1
81.0,5598,1,26502.6,23940.7,176.7,1
85.0,3826,1,27211.1,25034.2,181.4,1
81.0,4140,1,25068.7,23063.2,167.1,1
100.0,3552,1,32852.2,32633.2,219.0,1
96.0,3262,1,29603.7,27531.4,197.4,1
82.0,3493,1,28243.9,26455.1,188.3,1
77.0,5850,1,26406.7,26230.7,176.0,1
81.0,3799,1,24167.4,24006.3,161.1,1
80.0,3628,1,28012.5,24184.1,186.7,1
93.0,2465,1,28704.3,23920.2,191.4,1
100.0,2811,1,30862.8,28496.6,205.8,1
99.0,3478,1,30606.2,27341.6,204.0,1
78.0,3327,1,28658.3,24264.0,191.1,1
100.0,3540,1,32335.8,29641.1,215.6,1
87.0,10459,1,26337.9,20455.7,175.6,1
79.0,4877,1,28480.7,24208.6,189.9,1
98.0,3580,1,32579.8,28887.4,217.2,1
84.0,4236,1,28291.9,25368.4,188.6,1
51.0,9957,1,30393.0,30190.4,202.6,1
73.0,16188,0,27874.7,25644.7,185.8,1
98.0,5032,1,31241.6,29263.0,208.3,1
61.0,3464,1,30701.6,26096.3,204.7,1
48.0,4147,1,14179.7,12998.0,94.5,1
100.0,3815,0,31784.6,28500.2,211.9,1
99.0,3528,1,30025.9,28124.2,200.2,1
75.0,4292,1,25658.9,20698.2,171.1,1
29.0,3772,1,10451.1,8465.4,69.7,1
62.0,3185,1,21708.5,19610.0,144.7,1
93.0,6995,1,29125.2,28931.1,194.2,1
18.0,5715,1,6664.2,6530.9,133.3,1
78.0,4924,0,27449.0,23972.2,183.0,1
79.0,3532,1,26680.3,23745.5,177.9,1
67.0,2259,0,23502.1,21073.5,156.7,1
72.0,6388,1,25270.2,25101.8,168.5,1
78.0,13129,1,24788.2,20574.2,165.3,1
71.0,11551,1,22741.7,18117.6,151.6,1
58.0,5163,0,30445.9,28416.2,203.0,1
58.0,3794,0,28452.9,25702.5,189.7,1
83.0,4104,0,27369.7,22169.5,182.5,1
83.0,6531,1,28124.1,23436.8,187.5,1
54.0,1308,1,24933.1,22273.5,166.2,1
81.0,14979,1,24644.9,22344.7,164.3,1
84.0,996,1,27383.4,23458.4,182.6,1
73.0,10694,0,22263.0,20927.2,148.4,1
83.0,4035,1,25209.2,25041.2,168.1,1
83.0,6079,1,24167.8,24006.6,161.1,1
64.0,1955,1,27198.8,27017.5,181.3,1
64.0,16083,1,19032.0,18524.5,126.9,1
84.0,3855,1,27265.4,21721.5,181.8,1
91.0,12708,1,30643.7,25945.0,204.3,1
89.0,13421,1,30440.4,27294.9,202.9,1
88.0,9170,1,26832.8,25848.9,178.9,1
52.0,1950,0,19595.1,15480.1,130.6,1
73.0,14389,0,25549.8,20439.8,170.3,1
100.0,8867,1,37573.2,34817.8,250.5,1
90.0,9092,1,27848.4,27662.7,185.7,1
39.0,17381,1,12312.9,8619.0,82.1,1
57.0,10134,1,18562.4,15901.8,123.7,1
100.0,2996,0,37658.3,34896.7,251.1,1
74.0,1400,1,21567.3,21423.5,143.8,1
87.0,12379,1,27503.5,24936.5,183.4,1
66.0,5794,1,21890.2,18825.6,145.9,1
55.0,4792,0,26244.0,24144.5,175.0,1
94.0,8087,1,28834.3,27200.3,192.2,1
58.0,4270,1,17845.7,16715.4,119.0,1
66.0,10427,1,26618.3,25908.4,177.5,1
54.0,12494,1,24522.6,21498.1,163.5,1
70.0,4706,1,27582.1,25559.5,183.9,1
43.0,2087,1,16714.5,16213.0,111.4,1
38.0,3451,1,17783.8,15471.9,118.6,1
79.0,6173,1,27509.8,26684.5,183.4,1
55.0,8282,1,19455.0,17509.5,129.7,1
89.0,7030,0,30686.2,27924.4,204.6,1
42.0,0,1,15093.9,12678.9,100.6,1
36.0,0,1,12261.6,12016.4,245.2,1
48.0,10792,1,20050.2,18312.6,133.7,1
95.0,7603,1,30199.6,28085.6,201.3,1
100.0,8212,0,31149.1,28864.8,207.7,1
88.0,5502,1,28307.7,21985.7,188.7,1
65.0,9944,1,21832.7,17757.2,145.6,1
60.0,7904,1,26329.8,22731.4,175.5,1
59.0,8525,1,17742.9,15850.3,118.3,1
88.0,9057,1,27228.0,27046.5,181.5,1
61.0,2602,1,19825.8,16058.9,132.2,1
97.0,7131,1,28981.6,28788.4,193.2,1
88.0,10871,0,28448.3,25887.9,189.7,1
60.0,5079,0,21235.4,17837.8,141.6,1
98.0,2413,1,29716.9,29518.8,198.1,1
82.0,7355,1,27047.5,20466.0,180.3,1
88.0,8511,1,28153.3,25150.2,187.7,1
66.0,6877,1,22908.6,19243.2,152.7,1
84.0,3273,0,25905.1,25214.3,172.7,1
14.0,106,1,5673.5,5560.1,113.5,1
76.0,4086,1,23215.7,22132.3,154.8,1
92.0,7486,1,28759.3,28567.5,191.7,1
80.0,7088,1,25121.9,22860.9,167.5,1
68.0,0,1,24886.0,22646.3,165.9,1
70.0,0,1,25445.4,22646.4,169.6,1
66.0,0,1,24178.6,22647.3,161.2,1
90.0,0,0,31969.5,31756.4,213.1,1
76.0,0,1,28174.5,24887.5,187.8,1
91.0,0,1,34276.4,34047.9,228.5,1
85.0,0,1,28277.7,28089.2,188.5,1
74.0,0,1,24998.4,24831.8,166.7,1
84.0,0,1,26300.3,24547.0,175.3,1
91.0,0,1,31079.3,29007.3,207.2,1
86.0,0,0,45761.1,45456.0,305.1,1
83.0,0,1,27105.2,26924.5,180.7,1
74.0,0,1,23797.2,18879.1,158.6,1
86.0,0,1,28182.3,27430.7,187.9,1
68.0,0,1,22969.5,22816.3,153.1,1
98.0,1372,0,41447.5,34401.4,276.3,1
52.0,0,0,15281.5,13294.9,101.9,1
95.0,0,0,33509.8,32281.1,223.4,1
67.0,0,1,24753.4,23103.2,165.0,1
81.0,7785,1,26423.3,22635.9,176.2,1
60.0,0,1,20148.5,19006.7,134.3,1
86.0,0,1,26464.2,26287.8,176.4,1
55.0,0,1,17222.0,17107.2,114.8,1
68.0,0,1,26614.8,26437.4,177.4,1
92.0,0,0,40061.2,38325.2,267.1,1
79.0,0,1,28992.4,28799.2,193.3,1
81.0,0,1,28690.6,24865.1,191.3,1
66.0,0,1,23252.1,19996.8,155.0,1
65.0,0,1,20340.3,19323.3,135.6,1
77.0,0,0,27366.2,24538.4,182.4,1
64.0,0,0,24864.4,24698.6,165.8,1
76.0,0,1,23900.3,22307.0,159.3,1
60.0,5186,1,20363.9,18395.4,135.8,1
92.0,0,0,37908.5,32854.1,252.7,1
19.0,0,1,6968.1,6828.7,139.4,1
52.0,274,1,16693.7,16582.4,111.3,1
41.0,1424,1,15961.0,11279.1,106.4,1
60.0,2403,1,21512.3,16923.0,143.4,1
29.0,249,1,9928.8,8638.1,66.2,1
98.0,0,1,30485.4,29469.2,203.2,1
53.0,1572,0,17514.3,14478.5,116.8,1
47.0,2767,1,17491.5,14926.1,116.6,1
84.0,2916,0,29467.9,26324.7,196.5,1
71.0,2878,0,31034.7,27103.6,206.9,1
56.0,0,1,17517.1,15473.5,116.8,1
71.0,0,1,28947.3,28754.4,193.0,1
72.0,0,1,24300.2,24138.2,162.0,1
60.0,0,1,19967.6,19834.4,133.1,1
87.0,3535,0,30318.3,25063.1,202.1,1
53.0,5526,1,17699.9,13510.9,118.0,1
70.0,0,1,24548.8,23894.2,163.7,1
84.0,5428,1,26048.3,24398.6,173.7,1
46.0,0,1,15525.4,13869.4,103.5,1
81.0,0,1,23835.9,22326.3,158.9,1
82.0,0,0,33085.5,29666.7,220.6,1
57.0,0,0,33888.6,26546.1,225.9,1
55.0,628,0,17092.8,13218.5,114.0,1
100.0,0,0,40557.1,38664.4,270.4,1
80.0,0,1,25376.3,25207.1,169.2,1
70.0,0,1,24506.9,24343.5,163.4,1
56.0,5965,1,16297.4,13418.2,108.6,1
71.0,6589,1,20778.4,20639.9,138.5,1
68.0,4311,0,20740.8,19081.5,138.3,1
46.0,0,1,15098.8,14998.1,100.7,1
45.0,487,1,13517.1,11399.4,90.1,1
77.0,0,1,26635.8,26458.2,177.6,1
73.0,0,1,24443.5,24280.5,163.0,1
74.0,0,1,29105.7,28911.6,194.0,1
64.0,2356,1,19076.0,14624.9,127.2,1
24.0,0,1,6651.4,6518.4,133.0,1
65.0,4082,1,21065.6,19731.4,140.4,1
85.0,5172,1,28714.3,23354.3,191.4,1
5.0,0,1,1383.3,1355.6,27.7,1
65.0,0,0,35817.9,30087.0,238.8,1
10.0,0,1,2732.9,2678.3,54.7,1
36.0,2083,1,11736.9,8059.3,78.2,1
43.0,5627,1,15059.3,12951.0,100.4,1
42.0,0,1,18876.0,14031.2,125.8,1
47.0,4849,1,14202.1,12450.5,94.7,1
71.0,2440,1,25627.4,20929.0,170.8,1
95.0,4762,1,28858.0,28665.6,192.4,1
79.0,2971,1,26248.3,26073.3,175.0,1
70.0,5223,1,22470.1,17376.9,149.8,1
55.0,4536,1,20405.0,17956.4,136.0,1
73.0,3789,0,29968.1,28269.9,199.8,1
75.0,6293,1,26142.5,21611.1,174.3,1
79.0,2143,1,25151.2,20791.7,167.7,1
35.0,4273,1,12131.4,10069.1,80.9,1
78.0,2595,0,28598.8,28408.1,190.7,1
50.0,0,1,19053.9,15878.3,127.0,1
16.0,0,1,4587.2,4495.5,91.7,1
74.0,3808,1,26893.5,24921.3,179.3,1
58.0,3762,0,20579.2,17766.7,137.2,1
59.0,0,1,24709.2,20508.6,164.7,1
90.0,2455,0,31951.8,27478.6,213.0,1
64.0,7513,1,25165.9,19797.2,167.8,1
80.0,3807,1,25412.8,24904.6,508.3,1
33.0,0,1,13711.7,13620.3,91.4,1
41.0,4210,1,14696.7,10483.7,98.0,1
86.0,2990,0,31610.3,29397.5,210.7,1
64.0,4102,0,23234.4,20213.9,154.9,1
100.0,3251,0,35775.4,34821.4,238.5,1
77.0,1432,1,25651.0,25480.0,171.0,1
78.0,5002,1,26716.5,24401.0,178.1,1
51.0,7999,1,19596.1,15872.8,130.6,1
97.0,2040,1,28795.4,27835.6,192.0,1
95.0,1382,1,28948.3,25474.5,193.0,1
69.0,770,1,24388.7,19998.8,162.6,1
66.0,2217,0,23165.0,20694.1,154.4,1
93.0,2179,1,29080.5,26366.3,193.9,1
89.0,8934,1,28958.9,23649.7,193.1,1
75.0,2643,0,27672.3,23798.2,184.5,1
82.0,6378,0,33534.0,25709.4,223.6,1
79.0,3365,1,28634.0,26152.4,190.9,1
77.0,5316,1,36273.9,29865.5,241.8,1
67.0,8907,1,28003.9,23336.6,186.7,1
65.0,0,1,26348.3,22044.7,175.7,1
64.0,0,1,29208.6,25995.7,194.7,1
92.0,2670,1,28376.7,28187.5,189.2,1
70.0,4090,1,24084.5,18143.6,160.6,1
63.0,8699,1,21356.9,16943.1,142.4,1
11.0,0,1,3090.6,3028.8,61.8,1
60.0,0,1,26132.1,25957.9,174.2,1
47.0,3096,1,14411.8,13355.0,96.1,1
15.0,4699,1,4695.3,4601.4,93.9,1
67.0,0,1,21861.2,18072.0,145.7,1
82.0,5422,1,28124.8,27187.3,187.5,1
68.0,3316,0,24126.6,21311.8,160.8,1
77.0,6164,1,26200.6,23580.5,174.7,1
63.0,8049,1,21852.0,18938.4,145.7,1
56.0,6417,1,18449.2,18326.2,123.0,1
81.0,5063,1,29399.7,23519.7,196.0,1
54.0,3593,1,17526.2,16533.0,116.8,1
56.0,5169,1,18177.1,18056.0,121.2,1
42.0,5056,1,15668.3,12691.3,104.5,1
62.0,5270,1,28059.4,25347.0,187.1,1
57.0,4717,1,29210.0,28236.3,194.7,1
76.0,0,1,27221.7,27040.2,181.5,1
77.0,6479,1,26985.3,24016.9,179.9,1
62.0,6987,1,21412.2,18842.7,142.7,1
79.0,1902,1,27576.1,23164.0,183.8,1
84.0,6310,1,29150.7,26721.5,194.3,1
76.0,2020,1,28472.4,21923.7,189.8,1
78.0,4207,1,28729.8,25282.2,191.5,1
66.0,4529,1,23167.3,21236.6,154.4,1
93.0,5132,0,30680.4,27203.3,204.5,1
73.0,3874,1,24051.0,19320.9,160.3,1
59.0,879,1,18401.6,17481.5,122.7,1
72.0,4656,1,21537.4,21393.8,143.6,1
46.0,4976,1,17540.6,17423.6,116.9,1
74.0,2211,0,28121.7,27934.2,187.5,1
43.0,3557,1,13480.5,13390.6,89.9,1
64.0,2200,0,25680.7,25509.5,171.2,1
100.0,2901,0,37480.0,37230.1,249.9,1
89.0,2576,1,28003.0,27816.4,186.7,1
84.0,20,0,25770.2,25598.4,171.8,1
67.0,131,1,21880.5,21734.6,145.9,1
100.0,5315,0,34441.9,34212.3,229.6,1
72.0,40,1,29255.4,29060.4,195.0,1
76.0,1418,1,26721.9,26543.8,178.1,1
93.0,2025,1,28806.4,28614.3,192.0,1
59.0,7223,1,20268.7,20133.6,135.1,1
84.0,5015,1,28876.6,28684.1,192.5,1
75.0,1419,1,25666.5,25495.4,171.1,1
62.0,3487,1,21621.6,21477.5,144.1,1
87.0,1443,1,28718.5,28527.1,191.5,1
60.0,2122,1,28519.4,28329.3,190.1,1
75.0,9491,1,24094.0,23933.3,160.6,1
92.0,9786,1,29024.1,28830.6,193.5,1
64.0,11059,1,28597.7,28407.1,190.7,1
54.0,5867,1,17587.2,17469.9,117.2,1
92.0,3853,1,29727.7,29529.5,198.2,1
74.0,10782,1,24159.0,23998.0,161.1,1
85.0,2125,1,31982.7,31769.4,213.2,1
84.0,3248,1,28263.2,28074.8,188.4,1
80.0,8806,1,27320.6,27138.5,182.1,1
82.0,7542,1,27901.8,27715.8,186.0,1
71.0,5727,1,29378.6,29182.8,195.9,1
88.0,5115,0,32875.2,26081.0,219.2,1
25.0,10694,1,9038.7,8978.4,60.3,1
11.0,9890,1,3166.2,3102.9,63.3,1
56.0,684,1,23392.9,18402.4,156.0,1
56.0,6110,1,18585.7,18461.8,123.9,1
91.0,840,1,28805.7,28613.7,192.0,1
84.0,225,1,26548.4,26371.5,177.0,1
15.0,9279,1,4132.7,4105.1,27.6,1
11.0,945,1,3205.6,3184.3,21.4,1
50.0,2908,1,17438.2,16450.0,116.3,1
74.0,14854,1,30783.6,28423.5,205.2,1
91.0,674,1,28596.2,28405.6,190.6,1
87.0,14920,1,30124.7,24200.1,200.8,1
82.0,11673,1,27591.0,22808.6,183.9,1
87.0,10851,1,27535.1,27351.5,183.6,1
85.0,13907,1,28852.6,24813.3,192.4,1
75.0,1108,1,27272.0,21090.4,181.8,1
9.0,13983,0,2418.5,2370.1,48.4,1
80.0,302,0,28138.5,27950.9,187.6,1
88.0,6331,1,30761.6,30556.6,205.1,1
54.0,17859,1,21963.6,19254.8,146.4,1
92.0,19843,1,28900.5,28707.9,192.7,1
90.0,1988,1,30411.9,30209.2,202.7,1
62.0,104,0,25563.0,22580.6,170.4,1
81.0,6210,0,26490.8,26314.2,176.6,1
82.0,148,1,28634.0,28443.1,190.9,1
46.0,1587,0,17782.1,15885.3,118.5,1
100.0,1174,0,37096.7,36849.4,247.3,1
100.0,1195,0,46359.1,44195.7,309.1,1
58.0,1781,1,22914.0,22761.2,152.8,1
92.0,1495,1,29953.8,29754.1,199.7,1
68.0,386,0,22587.3,17919.2,150.6,1
100.0,2609,0,34013.7,33786.9,226.8,1
73.0,1985,1,24113.4,23952.7,160.8,1
91.0,9225,1,30231.1,26099.5,201.5,1
87.0,7609,1,28514.6,23952.2,190.1,1
71.0,9210,1,28613.5,23177.0,190.8,1
51.0,3215,0,21012.8,20872.7,140.1,1
73.0,3369,1,29391.0,24786.4,195.9,1
79.0,5717,0,27260.2,24715.9,181.7,1
100.0,6130,0,30660.6,30456.2,204.4,1
73.0,4925,0,24059.7,23899.3,160.4,0
47.0,5724,1,15416.6,15313.9,102.8,1
95.0,2166,0,34068.8,30321.3,227.1,1
94.0,2383,1,27608.9,27424.9,184.1,1
91.0,1835,0,25364.1,25195.0,169.1,1
89.0,4361,0,37042.7,30992.4,247.0,1
100.0,10137,0,33916.3,32446.6,226.1,1
88.0,1164,1,30734.7,30529.8,204.9,1
100.0,6764,0,33158.2,32937.2,221.1,1
83.0,3453,0,24954.7,23540.6,166.4,1
61.0,4185,1,23431.4,23275.2,156.2,1
78.0,7537,1,25403.2,25233.8,169.4,1
78.0,4864,1,24041.4,23881.2,160.3,1
100.0,5842,0,31629.0,31418.1,210.9,1
86.0,3124,1,27625.7,26152.3,184.2,1
81.0,4857,0,25234.3,24140.8,168.2,1
89.0,3023,1,28858.3,28665.9,192.4,1
53.0,3538,1,17072.2,15649.5,113.8,1
98.0,5518,1,31456.7,29045.0,209.7,1
87.0,4462,0,30020.3,26818.1,200.1,1
78.0,2246,1,24494.2,24330.9,163.3,1
66.0,7734,1,20457.3,20320.9,136.4,1
20.0,0,1,6795.0,6749.7,45.3,1
42.0,3173,1,14067.9,13036.3,93.8,1
57.0,3067,1,18944.8,15661.0,126.3,1
93.0,6315,1,29848.5,29649.5,199.0,1
89.0,4447,1,27233.5,25599.5,181.6,1
100.0,3393,0,31114.1,30906.7,207.4,1
64.0,1561,1,21720.2,16217.8,144.8,0
59.0,1204,0,21566.5,17612.7,143.8,1
76.0,991,1,26353.6,26177.9,175.7,1
34.0,4754,1,11369.3,10649.3,75.8,1
72.0,5508,1,24215.0,19452.7,161.4,1
83.0,5062,0,29710.0,23272.8,198.1,1
83.0,20,0,28923.5,23910.1,192.8,1
99.0,694,1,30385.7,30183.1,202.6,1
47.0,1513,1,16286.9,15309.7,108.6,1
45.0,2790,1,13082.2,12995.0,87.2,1
75.0,26,1,23892.9,20388.6,159.3,1
77.0,2857,1,25753.5,22319.7,171.7,1
83.0,4141,1,26758.1,26579.7,178.4,1
25.0,3640,1,8881.3,6720.1,59.2,1
69.0,1178,1,24248.0,20287.5,161.7,1
24.0,2643,1,7946.6,4291.2,53.0,1
77.0,6040,1,22750.1,21309.3,151.7,1
27.0,1963,1,7873.3,7820.8,52.5,1
56.0,252,1,21581.6,17553.0,143.9,1
92.0,2459,1,30020.2,28219.0,200.1,1
59.0,3837,1,17803.5,17269.4,118.7,1
80.0,145,1,27464.6,27281.5,183.1,1
91.0,5180,1,29926.8,29727.3,199.5,1
92.0,208,1,29035.1,28841.5,193.6,1
77.0,3525,1,26139.8,24048.6,174.3,1
60.0,1526,1,21081.1,19746.0,140.5,1
8.0,0,1,2246.5,2231.5,15.0,1
78.0,2313,0,28185.8,25273.3,187.9,1
84.0,3410,1,29815.3,24846.1,198.8,1
29.0,1484,1,9564.3,7332.6,63.8,1
66.0,3695,1,21933.6,20178.9,146.2,1
97.0,3182,1,30254.3,30052.6,201.7,1
57.0,328,1,19181.5,16815.8,127.9,1
90.0,2305,0,27286.6,27104.7,181.9,1
28.0,81,1,7758.2,7706.5,51.7,1
100.0,1957,0,31243.3,31035.0,208.3,1
88.0,316,1,27904.3,27718.3,186.0,1
60.0,1266,1,20092.1,18283.8,133.9,1
87.0,1148,1,30503.6,26334.8,203.4,1
88.0,943,1,30680.6,26385.3,204.5,1
87.0,2482,1,29537.3,29340.3,196.9,1
92.0,1011,0,31896.9,31684.2,212.6,1
86.0,3886,1,26792.7,26614.1,178.6,1
89.0,1860,1,29905.1,25618.7,199.4,1
94.0,5453,1,30695.8,29058.7,204.6,1
89.0,6013,1,28463.6,27419.9,189.8,1
62.0,3983,1,21531.3,16579.1,143.5,1
42.0,5668,1,11897.6,11818.3,79.3,1
95.0,4892,1,34372.0,34142.8,229.1,1
75.0,1984,1,23982.0,22143.3,159.9,1
72.0,1148,1,23849.1,23133.7,159.0,1
82.0,23,0,26557.9,26380.8,177.1,1
36.0,74,1,10715.7,10644.3,71.4,1
87.0,4159,1,30665.7,28825.8,204.4,1
92.0,1074,1,30569.8,30366.0,203.8,1
89.0,3939,1,31019.3,26366.4,206.8,1
68.0,1788,1,25319.5,21521.6,168.8,1
97.0,4372,1,31192.4,30984.4,207.9,1
93.0,2962,1,30679.5,26793.4,204.5,1
83.0,3108,0,30935.4,27120.1,206.2,1
69.0,2253,1,24133.4,23972.5,160.9,1
91.0,1541,1,30427.6,30224.8,202.9,1
58.0,1131,1,21086.5,16517.8,421.7,1
84.0,717,1,29995.7,24296.5,2099.7,1
78.0,2557,0,26223.6,20541.8,524.5,1
94.0,1805,0,33474.9,30462.1,669.5,1
72.0,2744,1,21852.3,21415.2,437.0,1
67.0,1134,1,20219.0,16714.4,404.4,1
84.0,5053,0,28849.1,24329.4,577.0,1
87.0,3210,0,26353.5,23806.0,527.1,1
99.0,5208,0,32643.0,31990.1,652.9,1
92.0,1905,1,29999.6,28599.6,600.0,1
100.0,3260,0,32143.4,28929.0,642.9,1
40.0,4467,1,14077.6,12341.3,281.6,1
73.0,980,1,25066.4,20972.3,501.3,1
56.0,5590,1,18742.6,17867.9,374.9,1
71.0,3516,1,21686.6,19228.8,433.7,1
41.0,1568,1,13632.2,12587.0,272.6,1
85.0,1984,1,28745.3,24529.3,574.9,1
71.0,3912,1,28276.1,23374.9,565.5,1
71.0,5664,1,28895.1,26101.9,577.9,1
77.0,2788,1,29259.0,27113.4,585.2,1
87.0,4682,0,26758.3,25242.0,535.2,1
96.0,3500,0,30110.9,29508.7,602.2,1
78.0,1067,1,24041.0,22117.7,480.8,1
91.0,5243,0,30862.9,26439.2,617.3,1
74.0,1774,1,26471.5,24000.8,529.4,1
77.0,3710,1,26916.1,23955.3,538.3,1
58.0,223,0,24172.7,18935.3,483.5,1
54.0,4715,0,23354.8,18372.4,467.1,1
51.0,4468,0,17208.0,14684.1,344.2,1
78.0,2782,0,24983.5,24483.8,499.7,1
88.0,944,1,29552.8,27090.1,591.1,1
76.0,1464,0,27678.5,24910.7,553.6,1
85.0,1093,0,29420.8,27067.2,588.4,1
90.0,1580,1,26307.9,25781.8,526.2,1
80.0,1759,1,22787.8,21040.8,1747.1,1
24.0,1677,1,7059.5,6918.3,141.2,1
88.0,1814,1,25864.9,25347.6,517.3,1
39.0,2437,1,11238.7,11013.9,224.8,1
6.0,0,1,1742.1,1707.3,34.8,1
99.0,2709,1,31094.1,30472.2,621.9,1
93.0,2449,1,29965.8,29366.5,599.3,1
56.0,1656,1,24607.3,17307.2,3527.1,1
81.0,2266,1,25427.3,23223.6,508.5,1
72.0,2320,1,24556.0,22100.4,491.1,1
40.0,0,0,13484.4,11641.5,269.7,1
74.0,1202,0,23938.6,21704.4,478.8,1
92.0,2316,0,28979.6,27627.3,579.6,0
85.0,1460,1,26064.8,24327.1,1216.4,1
56.0,2928,1,19429.2,19040.7,388.6,1
91.0,925,1,25771.3,25255.9,515.4,1
24.0,1761,1,7528.2,1129.2,3739.0,1
97.0,2424,1,29297.6,26367.8,2148.5,1
96.0,1879,1,29769.2,26494.6,2282.3,1
90.0,5242,0,28767.4,27616.7,575.3,1
97.0,1356,0,29312.3,27553.6,586.2,1
80.0,1547,1,28145.0,24017.1,562.9,1
86.0,1159,1,30232.7,27814.1,604.7,1
100.0,2711,1,28999.5,28419.5,580.0,1
56.0,1794,1,16505.6,16175.5,330.1,1
100.0,1127,0,31721.0,29923.5,634.4,1
92.0,1207,1,29367.5,28780.2,587.4,1
100.0,114,0,33185.0,30972.7,1548.6,1
53.0,1262,1,17357.2,15679.4,347.1,1
22.0,37,1,7238.0,7093.2,144.8,1
42.0,3271,1,12992.1,6972.4,4547.2,1
95.0,336,1,29299.7,28713.7,586.0,1
100.0,954,0,34949.0,34250.0,699.0,1
39.0,283,1,11832.5,5285.2,907.2,1
97.0,765,0,33351.4,29460.4,667.0,1
25.0,1210,1,9244.7,8351.1,184.9,1
25.0,136,1,7139.9,6997.1,142.8,1
60.0,335,1,18152.8,13554.1,1815.3,1
97.0,1594,0,29826.5,28136.3,596.5,1
93.0,3650,0,28773.1,28197.6,575.5,1
100.0,954,1,33977.5,31485.8,2491.7,1
78.0,880,1,26172.1,24689.0,523.4,1
94.0,1172,0,30436.3,28711.6,1014.5,1
86.0,2991,0,25122.8,24620.3,502.5,1
99.0,1235,0,31801.2,29363.1,1378.1,1
100.0,859,0,31828.3,28857.7,636.6,1
68.0,295,1,21120.3,18163.4,422.4,1
79.0,1195,0,24811.1,21502.9,3308.1,1
63.0,1231,1,20665.8,19839.1,413.3,1
82.0,201,1,25687.3,23118.6,513.7,1
92.0,1077,0,28416.1,27847.8,568.3,1
86.0,2861,0,26717.5,25203.5,1514.0,1
91.0,1042,0,27575.3,26840.0,735.3,1
61.0,1129,0,18787.5,14779.5,1440.4,1
60.0,3412,0,18117.6,15218.8,905.9,1
96.0,10576,0,37441.0,32823.2,748.8,1
88.0,7940,0,27653.5,26455.2,553.1,1
75.0,2822,0,24299.8,21383.8,1296.0,1
80.0,1648,0,26860.8,23189.8,1343.0,1
10.0,406,1,2768.0,2712.6,55.4,1
51.0,4330,1,17236.4,14765.9,344.7,1
24.0,975,0,8925.4,6961.8,178.5,1
73.0,4593,0,24016.7,19933.9,480.3,1
62.0,1751,0,19677.3,17447.2,393.5,1
38.0,2667,0,12634.6,8760.0,252.7,1
99.0,1977,0,37346.7,36599.7,746.9,1
95.0,2120,1,28057.1,27496.0,561.1,1
78.0,1476,1,24267.2,20465.3,485.3,1
25.0,5423,1,11244.4,10232.4,224.9,1
65.0,207,0,21323.1,19190.8,426.5,1
54.0,1773,1,17151.2,14750.0,1772.3,1
100.0,5895,0,36392.4,35664.6,727.8,1
79.0,3883,0,28793.3,26201.9,575.9,1
93.0,9092,0,36329.2,33059.6,726.6,1
94.0,3280,0,38434.6,35872.3,768.7,1
100.0,2992,0,36074.3,33188.3,1563.2,1
81.0,621,0,25745.9,24716.0,514.9,1
90.0,2108,0,40379.8,35399.6,807.6,0
100.0,2096,0,33388.7,30272.4,667.8,1
93.0,3224,1,29757.6,28170.5,595.2,1
91.0,3513,0,30285.4,27559.7,605.7,1
89.0,1965,0,30579.8,26094.7,611.6,1
68.0,1123,0,23764.3,23289.0,475.3,1
6.0,2281,0,1827.8,1791.2,36.6,1
53.0,0,1,17137.5,16394.9,342.8,1
79.0,1710,0,26661.6,22484.6,533.2,1
47.0,958,1,16421.8,14560.6,328.4,1
18.0,45,1,5239.1,5134.3,104.8,1
67.0,1819,1,21384.6,19531.2,427.7,1
68.0,6273,1,20684.3,18753.8,1241.1,1
64.0,4744,1,19418.0,14822.4,970.9,1
22.0,65,1,6267.7,6142.4,125.4,1
87.0,5182,1,28593.8,26211.0,571.9,1
96.0,3172,1,32026.5,30531.9,640.5,1
81.0,5788,1,29377.6,24089.6,587.6,1
100.0,715,0,32428.8,31780.2,648.6,1
77.0,2108,1,28111.7,24738.3,562.2,1
85.0,1319,1,28104.7,26699.4,562.1,1
84.0,3171,0,32997.7,30797.9,660.0,1
84.0,894,0,34128.4,30374.3,682.6,1
71.0,2644,1,25003.7,22503.3,500.1,1
95.0,1901,0,32684.3,28326.4,653.7,1
60.0,4828,1,20331.2,19924.6,406.6,1
64.0,436,1,20920.1,19525.4,418.4,1
70.0,2727,1,23848.5,22735.6,1112.9,1
78.0,2335,0,24856.3,22867.8,497.1,1
83.0,322,0,29078.5,27140.0,581.6,1
91.0,1594,0,34716.0,30897.3,694.3,1
64.0,698,1,22126.0,21683.5,442.5,1
100.0,5351,0,35648.9,33747.6,1069.5,1
67.0,1129,1,21002.8,19812.6,420.1,1
96.0,4656,0,31859.9,28673.9,637.2,0
68.0,2481,0,23483.2,21448.0,469.7,0
77.0,4374,1,27205.2,22852.4,544.1,1
86.0,2117,0,34572.2,32958.8,691.4,1
38.0,3103,1,12032.5,8101.9,2246.1,1
90.0,4355,0,37046.3,36305.4,740.9,1
71.0,3748,0,22410.0,18152.1,1568.7,1
55.0,2605,1,18839.5,17646.3,376.8,1
84.0,4350,0,29391.0,28215.3,587.8,1
67.0,3863,1,23439.0,22345.2,468.8,1
69.0,3177,0,25983.4,23385.1,519.7,1
56.0,2722,1,19188.7,16502.3,1982.8,1
92.0,2258,1,27885.3,24539.1,1673.1,1
92.0,1516,0,27552.3,26266.6,551.0,1
69.0,689,0,22594.4,20711.5,451.9,1
81.0,2294,0,29527.2,23818.6,590.5,1
95.0,2728,0,35442.1,34733.2,708.8,1
78.0,29,0,27679.9,25742.3,553.6,1
53.0,1281,1,16767.8,13805.5,2235.7,1
62.0,2483,0,25123.6,21020.1,502.5,1
74.0,4070,0,24638.6,23242.4,492.8,1
99.0,1659,0,34402.6,33714.6,688.1,1
61.0,1135,1,25399.9,21759.2,508.0,1
61.0,3451,1,25072.7,21228.2,3008.7,1
7.0,3782,1,1920.3,646.5,38.4,0
68.0,3897,0,21822.8,20877.1,436.5,1
67.0,2438,1,23758.7,21858.0,475.2,1
55.0,700,1,27039.0,22081.8,901.3,1
94.0,3512,0,34961.5,34262.3,699.2,1
71.0,3589,1,29261.0,28675.8,585.2,1
81.0,3682,0,27047.3,25604.8,540.9,1
91.0,3243,0,29243.2,27878.5,584.9,1
82.0,1790,0,25610.8,22964.4,1109.8,1
57.0,3798,1,22868.8,20200.8,457.4,1
98.0,3458,0,31619.7,30144.1,632.4,0
78.0,3388,0,26805.0,24303.2,536.1,1
48.0,987,1,16800.3,15904.3,336.0,0
13.0,200,1,3616.7,3544.4,72.3,1
70.0,1344,1,23632.6,20639.2,472.7,1
81.0,903,1,25900.5,24346.5,518.0,1
80.0,294,0,26120.3,24814.3,522.4,1
91.0,545,0,31079.8,28386.3,621.6,0
40.0,4050,1,12996.6,11913.6,779.8,1
45.0,129,1,20163.9,19222.9,403.3,1
61.0,360,1,19265.7,15219.9,385.3,1
60.0,384,1,19014.5,18254.0,380.3,1
60.0,443,0,23630.5,16226.3,472.6,1
47.0,100,1,16440.1,16111.3,328.8,1
42.0,560,1,13322.8,10880.3,266.5,1
43.0,1099,1,14606.9,11003.9,292.1,1
80.0,294,0,26084.2,22432.4,521.7,1
84.0,181,1,26471.7,25942.2,529.4,1
83.0,4233,1,26610.5,22441.6,532.2,1
58.0,1119,1,18288.2,13594.2,1036.3,1
71.0,456,1,22806.3,20753.7,456.1,1
87.0,81,1,28130.6,27568.0,562.6,1
61.0,1794,1,20102.5,19298.4,402.0,1
89.0,744,0,33020.9,25976.5,660.4,1
69.0,497,1,23349.4,22882.4,467.0,1
31.0,809,1,12598.1,10498.5,252.0,1
49.0,139,1,16193.2,14411.9,323.9,1
36.0,278,1,11209.4,10312.6,224.2,1
9.0,103,1,2566.6,2515.3,51.3,1
35.0,155,0,11880.5,9781.6,237.6,1
80.0,115,1,28952.3,27794.2,579.0,1
89.0,209,1,30115.8,28208.5,602.3,1
96.0,244,0,31070.5,29309.9,621.4,1
46.0,412,1,18659.9,16731.7,373.2,0
57.0,1170,1,23506.6,21547.7,470.1,1
75.0,627,1,26963.1,24985.8,539.3,1
50.0,352,1,16050.9,12305.7,321.0,1
19.0,519,1,5373.7,5266.2,107.5,1
18.0,27,1,5218.3,5113.9,104.4,1
60.0,927,1,20318.8,16255.0,406.4,1
44.0,1047,1,15840.7,11880.5,316.8,0
54.0,1683,0,21161.3,17916.6,423.2,1
66.0,544,1,19834.5,18380.0,396.7,1
69.0,607,1,21235.1,20102.6,424.7,1
65.0,586,1,24555.3,19889.8,491.1,1
79.0,1235,0,31637.2,23727.9,632.7,1
87.0,3123,0,29690.4,28205.9,593.8,1
76.0,470,1,26770.5,24004.2,535.4,1
80.0,679,1,26021.5,21858.0,520.4,1
74.0,1281,1,23948.0,22271.7,479.0,1
62.0,130,1,26049.7,22489.6,521.0,1
61.0,465,0,24024.9,21702.5,480.5,1
42.0,236,1,13136.7,11866.8,437.9,1
57.0,741,0,19484.9,17016.8,389.7,1
32.0,459,1,9307.7,8687.2,620.5,1
43.0,69,1,16312.2,12016.7,326.2,1
70.0,169,1,27933.2,25139.9,558.7,1
60.0,100,0,22452.2,17662.4,449.0,1
44.0,95,1,16517.9,13930.1,330.4,1
34.0,1079,1,11223.4,7594.5,224.5,1
75.0,1896,0,27451.7,24066.0,549.0,1
78.0,1773,0,29879.8,28684.7,597.6,0
79.0,492,1,29645.2,23320.9,592.9,1
42.0,805,1,15484.6,12800.6,309.7,1
43.0,54,1,15825.9,15509.4,316.5,1
62.0,532,1,24839.8,20782.6,496.8,1
83.0,2366,0,28452.6,24564.0,569.1,1
94.0,507,1,28727.3,25471.6,3255.8,1
74.0,2569,1,28767.7,23301.9,575.4,1
68.0,154,1,27481.3,25282.8,549.6,1
26.0,467,1,7825.4,7668.9,156.5,1
44.0,347,0,16726.1,12767.6,334.5,1
70.0,2153,1,30659.7,28513.5,613.2,1
64.0,941,1,27402.9,23201.1,548.1,1
84.0,272,0,35827.2,30214.3,2746.8,1
69.0,372,0,28912.6,21684.5,578.3,1
81.0,2857,0,27394.6,24563.8,547.9,1
62.0,2948,1,26246.3,18372.4,524.9,1
65.0,2778,1,24763.4,18737.7,495.3,1
69.0,1554,1,22708.9,22254.8,454.2,1
67.0,2597,0,27052.1,22453.3,541.0,1
60.0,2618,0,23525.0,17643.8,470.5,1
55.0,1166,0,19873.5,18879.8,397.5,1
56.0,564,1,23608.4,20381.9,472.2,1
74.0,3019,1,25866.0,21899.8,1034.6,1
58.0,2364,1,24374.7,20962.2,487.5,1
77.0,1690,0,33982.1,29224.6,679.6,1
61.0,1144,1,24861.7,23038.5,497.2,1
65.0,2256,1,25433.7,24925.0,508.7,1
79.0,3695,0,29843.4,25565.8,1492.2,1
63.0,1499,0,26926.4,23246.4,538.5,1
52.0,628,1,20332.9,18841.8,406.7,1
37.0,21,1,12626.7,9933.0,1599.4,1
18.0,151,1,7163.8,7020.5,143.3,1
80.0,20,0,31625.0,25721.6,632.5,1
58.0,1104,1,20815.5,18248.3,416.3,1
41.0,148,1,14110.4,13310.8,282.2,1
56.0,790,0,20192.8,16490.8,403.9,1
52.0,1686,1,16988.0,16082.0,339.8,1
58.0,2435,1,18943.4,18564.6,378.9,1
54.0,65,0,19887.0,14318.6,397.7,1
50.0,664,1,18102.7,15447.6,724.1,1
61.0,2793,1,23068.0,20761.2,1845.4,1
76.0,658,1,28388.4,25549.5,567.8,1
81.0,464,0,30614.1,26022.0,612.3,1
55.0,681,1,19037.4,16879.8,825.0,1
65.0,1235,1,21951.6,18658.9,439.0,1
78.0,303,1,25817.0,22719.0,2151.4,1
71.0,552,0,26861.2,24980.9,537.2,1
78.0,640,0,36128.9,31673.0,722.6,1
50.0,1385,1,18114.7,15156.0,362.3,1
55.0,526,1,21185.7,18502.1,423.7,1
50.0,328,1,19514.2,16066.7,390.3,1
81.0,1706,1,29268.5,26927.1,585.4,1
75.0,689,1,23514.4,22652.2,862.2,1
80.0,1228,0,28162.3,24689.0,563.2,1
83.0,1626,1,25298.4,23611.9,1686.6,1
79.0,1699,1,27456.1,25168.1,549.1,1
85.0,768,0,27228.9,26684.3,544.6,1
61.0,273,1,20013.4,18479.0,1067.4,1
83.0,537,0,27719.6,25040.1,554.4,0
61.0,677,1,20797.1,18024.2,415.9,1
50.0,19,1,15898.7,12983.9,318.0,1
78.0,177,1,25736.8,23592.1,514.7,1
59.0,1184,1,19462.9,15570.3,389.3,1
87.0,1343,1,27318.2,26134.4,546.4,1
87.0,1226,1,26755.2,24704.0,535.1,1
57.0,668,1,19404.5,17464.0,388.1,1
61.0,377,1,19586.6,18542.0,391.7,1
50.0,3208,1,14563.6,14272.3,291.3,1
98.0,451,1,33785.2,29731.0,675.7,1
83.0,576,0,31126.2,27598.6,622.5,1
25.0,684,1,20842.8,19939.6,416.9,1
26.0,353,1,18399.2,17234.0,368.0,1
49.0,101,1,16351.7,15152.6,327.0,1
40.0,63,1,15113.9,13552.1,302.3,1
65.0,545,1,24206.2,21059.4,484.1,1
68.0,632,1,22434.2,20789.0,448.7,1
44.0,1162,1,23834.0,16922.2,476.7,1
23.0,1243,1,19530.9,18619.4,390.6,1
85.0,4200,1,28903.1,26012.8,578.1,1
74.0,711,1,23559.2,22459.8,471.2,1
92.0,2749,1,28620.1,27475.3,1144.8,1
70.0,3434,1,25655.3,21636.0,513.1,1
68.0,2540,1,22881.4,22423.8,457.6,1
71.0,2313,1,24161.9,23678.7,483.2,1
65.0,2113,1,25182.5,20733.6,503.7,1
69.0,820,1,25187.3,21073.4,503.7,1
61.0,6678,1,21957.8,18883.7,439.2,1
4.0,4941,1,1246.4,1221.4,24.9,1
4.0,0,1,1241.3,1216.4,24.8,1
43.0,1614,1,13448.3,10220.7,269.0,1
62.0,733,0,24080.9,19184.5,481.6,1
78.0,1419,0,32852.6,26829.6,1423.6,1
72.0,2557,1,25434.8,24926.1,508.7,1
67.0,8108,0,25367.8,23084.7,507.4,1
75.0,1475,0,28428.0,24353.3,568.6,1
44.0,790,1,16067.6,13389.7,321.4,1
54.0,1363,1,19255.9,17137.8,385.1,1
22.0,28,1,6370.0,6242.6,127.4,1
86.0,1352,1,29802.0,29206.0,596.0,1
41.0,1536,1,13452.9,12287.0,269.1,1
76.0,444,1,27017.2,24765.8,990.6,1
71.0,261,1,22279.8,18937.8,445.6,1
32.0,701,1,10344.4,8413.5,1275.8,1
47.0,422,1,15319.9,13073.0,1889.5,1
31.0,182,1,9297.2,9111.3,185.9,0
70.0,2020,1,24774.4,19571.8,495.5,1
45.0,417,1,14368.9,12069.9,622.7,1
64.0,12795,1,20800.7,18512.6,416.0,1
50.0,3224,1,15404.2,14582.6,308.1,1
43.0,4566,1,12764.7,12509.4,255.3,1
44.0,24,1,13880.9,10734.6,277.6,0
72.0,1507,1,23356.4,19853.0,467.1,1
78.0,1810,0,25564.4,24371.4,511.3,1
49.0,1155,1,16209.8,11725.1,1080.7,1
69.0,1736,1,23184.2,21561.3,463.7,1
98.0,6136,1,31895.2,28599.4,637.9,1
45.0,1401,1,14470.8,13747.3,289.4,1
81.0,3829,0,27928.1,27369.6,558.6,1
59.0,5033,1,18399.9,12879.9,5090.6,1
32.0,2841,1,12327.1,10765.7,246.5,1
70.0,105,1,25358.2,22061.7,1267.9,1
32.0,977,1,10222.2,6065.2,1669.6,1
29.0,516,1,9741.6,5942.4,194.8,1
86.0,1356,1,27146.5,24703.3,1900.3,1
54.0,1964,1,17355.6,16603.5,347.1,1
58.0,3368,1,18876.3,14849.4,377.5,1
57.0,254,1,20616.3,19585.5,412.3,1
45.0,391,1,14435.7,11885.4,1539.8,1
84.0,3313,0,31638.7,28263.9,632.8,1
41.0,1479,1,12893.8,12249.1,257.9,1
56.0,2889,1,18355.2,17376.3,367.1,1
61.0,2022,1,18653.8,15358.3,1865.4,1
66.0,2000,1,20781.6,14477.8,3255.8,1
94.0,1251,1,31213.1,26114.9,624.3,1
69.0,1007,1,23020.0,21715.5,460.4,1
76.0,2786,1,27968.7,25358.2,559.4,1
40.0,742,1,15609.9,14153.0,312.2,1
73.0,3302,1,25187.1,24683.4,503.7,1
71.0,1610,0,23776.3,22112.0,475.5,1
64.0,1132,1,19737.4,16776.8,1184.2,1
68.0,2421,1,22628.7,22176.2,452.6,1
45.0,3516,1,14697.3,11218.9,3184.4,1
66.0,2436,1,22658.5,20392.7,1435.0,1
81.0,1875,1,27119.7,23955.8,542.4,1
41.0,283,1,13936.1,13285.7,278.7,1
42.0,25,1,15170.4,12844.3,303.4,1
78.0,872,1,26699.7,26165.7,534.0,0
65.0,272,0,21638.2,21205.5,432.8,1
39.0,214,1,12455.8,6933.7,2408.1,1
51.0,4455,1,16819.7,16146.9,336.4,1
45.0,1284,1,14497.2,10583.0,289.9,1
13.0,902,1,3780.8,3705.2,75.6,1
13.0,52,1,3807.2,3731.0,76.1,1
34.0,62,0,12074.8,7325.4,1730.7,1
30.0,364,1,10197.9,7274.5,204.0,1
16.0,415,1,4553.7,4083.1,91.1,1
76.0,260,1,25739.0,21792.4,514.8,1
79.0,1240,0,25965.1,24580.3,1384.8,1
68.0,2083,1,23771.2,22741.1,475.4,1
93.0,3047,1,31082.5,26523.8,2486.6,1
81.0,1304,1,28327.9,27761.3,566.6,1
81.0,610,1,28550.7,27979.7,571.0,1
76.0,1986,1,25209.6,19831.6,504.2,1
67.0,1375,1,22473.4,18652.9,449.5,1
71.0,4746,1,25078.9,19645.2,501.6,1
86.0,3314,1,29590.1,28998.3,591.8,1
76.0,10576,1,26950.1,23446.5,539.0,1
81.0,2336,1,28379.5,27811.9,567.6,1
86.0,3771,1,29143.7,28560.8,582.9,1
71.0,4065,1,23914.6,19689.7,478.3,1
86.0,4059,1,29599.1,29007.2,592.0,1
90.0,1474,1,31804.9,31168.8,636.1,1
71.0,1612,1,24677.2,24183.7,493.5,1
90.0,1563,1,31189.6,28070.6,623.8,1
76.0,4150,1,26940.1,26401.3,538.8,1
56.0,1913,1,18234.9,17870.2,364.7,1
67.0,1075,1,21637.0,21204.3,432.7,1
66.0,4067,1,22652.3,18499.3,453.0,1
57.0,3091,1,19669.8,16260.4,3409.4,1
47.0,1501,1,16072.4,15751.0,321.4,1
44.0,3658,1,15062.5,12150.4,2460.2,1
56.0,3003,1,19374.5,15112.1,4262.4,1
13.0,5401,1,4565.5,4474.2,91.3,1
88.0,9583,0,30237.2,29632.4,604.7,1
37.0,488,1,12740.4,10064.9,2080.9,1
54.0,1076,1,18591.8,16112.9,371.8,1
84.0,1219,0,28831.7,28255.1,576.6,1
42.0,1220,1,14584.0,8021.2,3500.2,1
52.0,3789,1,17790.6,13817.4,2965.1,1
90.0,2938,0,31015.5,27397.0,3618.5,1
81.0,520,0,27743.3,24691.6,554.9,1
46.0,2030,1,15827.9,11343.4,580.4,1
49.0,1763,1,16903.0,16565.0,338.1,1
59.0,3221,1,20286.1,17851.8,405.7,1
44.0,163,0,15219.7,11617.7,304.4,1
42.0,973,0,14546.1,10861.1,1406.1,1
6.0,90,1,2156.9,2113.7,43.1,1
75.0,972,1,25743.6,22568.6,772.3,1
77.0,3339,0,26568.0,23645.5,885.6,1
94.0,2339,0,35678.9,33895.0,713.6,1
67.0,1728,0,23099.6,22637.6,462.0,1
72.0,896,0,24705.9,20176.5,4529.4,1
53.0,951,1,18322.1,14535.6,366.4,1
73.0,3384,1,25183.9,21070.5,503.7,1
94.0,1649,0,34066.2,31795.1,681.3,1
40.0,51,1,13758.7,12887.4,275.2,1
34.0,40,1,11540.2,6424.1,3923.7,1
57.0,954,0,19800.8,16632.6,396.0,1
50.0,1769,1,17066.5,15416.7,341.3,1
37.0,4087,1,12649.9,9571.7,253.0,1
18.0,0,1,6250.7,6125.7,125.0,1
78.0,3158,1,26932.9,22713.4,538.7,1
20.0,533,1,6533.0,6402.3,130.7,1
90.0,1628,0,32182.5,30788.0,643.7,1
28.0,2837,1,9271.7,7479.2,1081.7,1
63.0,0,1,25105.0,23849.8,502.1,1
96.0,4182,1,33229.3,29463.3,664.6,1
76.0,7257,1,27554.2,27003.1,551.1,1
47.0,5394,0,20311.1,18618.5,406.2,1
77.0,2314,0,31442.1,25887.3,628.8,1
54.0,4170,1,24213.1,21226.8,484.3,1
74.0,4779,1,24917.8,23588.9,498.4,1
92.0,1697,1,29197.0,23357.6,3698.3,1
62.0,8901,1,25421.8,24150.7,508.4,1
69.0,7542,0,31901.0,31263.0,638.0,1
74.0,669,0,26578.4,24895.1,531.6,1
81.0,652,1,24115.1,21301.7,2009.6,1
67.0,7312,1,22909.9,20542.5,458.2,1
10.0,0,1,2798.2,2742.3,56.0,1
37.0,0,0,13676.6,11169.2,273.5,1
79.0,407,1,24280.3,19505.2,4127.6,1
12.0,81,1,3543.7,3472.9,70.9,1
84.0,1780,1,24985.6,24485.9,499.7,1
6.0,34,1,1715.8,1681.5,34.3,1
96.0,3501,1,29451.1,25524.3,3239.6,1
87.0,2168,0,28135.1,25790.5,1500.5,1
39.0,2514,1,21589.0,21157.2,431.8,1
33.0,2695,1,21186.7,20763.0,423.7,1
84.0,3194,1,30825.8,28359.7,616.5,1
95.0,336,1,31859.1,26124.4,3504.5,1
66.0,1252,0,28391.3,23375.5,567.8,1
83.0,696,0,33895.3,27342.2,677.9,1
57.0,1829,1,20425.3,17701.9,1634.0,1
55.0,981,1,20148.8,19275.7,403.0,1
80.0,2270,1,25148.0,19950.8,2179.5,1
76.0,2348,1,26941.0,25863.4,538.8,1
61.0,4553,1,22049.6,17125.2,441.0,1
97.0,3180,0,33244.9,31250.2,1219.0,1
62.0,1494,1,20932.7,20095.4,418.7,1
71.0,0,1,25154.3,22890.4,503.1,1
45.0,708,1,17103.6,15507.2,342.1,1
66.0,2246,1,24021.8,22100.1,480.4,1
67.0,2583,1,24160.5,22227.6,483.2,1
56.0,9529,1,19091.6,17946.1,381.8,1
45.0,1019,0,15497.2,14774.0,309.9,1
42.0,3410,0,13162.3,12899.0,263.2,1
69.0,2118,1,26688.5,23130.0,533.8,1
65.0,4654,1,22992.3,20156.6,459.8,1
77.0,1542,1,26062.1,24237.8,521.2,1
49.0,0,1,17555.3,13576.1,351.1,1
48.0,2134,0,15465.8,12836.6,1082.6,1
41.0,1767,1,14670.3,13105.4,293.4,1
65.0,988,1,23627.6,20792.3,472.6,1
23.0,2171,1,10460.8,9833.2,209.2,1
19.0,0,0,7257.8,5322.4,145.2,1
57.0,2380,1,22996.2,21923.0,459.9,1
62.0,1510,1,22577.9,19868.5,451.6,1
63.0,3488,1,21991.2,20818.3,439.8,1
47.0,797,1,16988.3,16252.1,339.8,1
31.0,5114,1,11930.4,11691.8,238.6,1
21.0,22,1,6923.1,6784.7,138.5,1
23.0,4188,1,9901.7,9241.6,198.0,1
64.0,2643,1,23387.5,17930.4,1871.0,1
55.0,6888,1,18240.0,15868.8,364.8,0
56.0,5250,1,18464.0,17479.2,369.3,1
45.0,5617,1,14537.8,13277.8,290.8,1
62.0,5715,1,23161.1,21617.0,463.2,1
15.0,166,1,4176.6,4093.1,83.5,1
67.0,3751,1,22803.3,20142.9,456.1,1
20.0,4252,1,7165.0,7021.7,143.3,1
53.0,80,1,18443.5,17398.4,368.9,1
6.0,54,1,1783.1,1747.5,35.7,1
64.0,3848,1,24377.1,20801.8,487.5,1
39.0,7922,1,13081.9,11861.0,915.7,1
5.0,98,1,1307.5,1281.4,26.2,1
100.0,6481,0,32518.7,26773.7,650.4,1
64.0,1494,1,19934.4,17276.5,398.7,1
57.0,214,1,21510.3,18283.7,430.2,1
56.0,2713,1,21506.6,18065.6,430.1,1
38.0,4902,1,14801.8,13716.4,296.0,1
4.0,108,1,1120.6,1098.2,22.4,1
25.0,23,1,7728.3,3452.0,1004.7,1
44.0,451,1,17294.1,13489.4,345.9,1
69.0,1388,1,23003.0,21009.4,460.1,1
6.0,2258,0,1574.6,1543.1,31.5,1
54.0,2771,1,18652.9,15979.3,373.1,1
35.0,0,1,12293.4,12047.5,245.9,1
9.0,357,1,2897.2,453.9,2443.3,1
56.0,3070,1,19460.4,16022.4,389.2,1
21.0,1464,1,6949.5,301.1,1853.2,1
48.0,614,1,17043.7,11873.8,340.9,1
63.0,5927,1,22235.4,17269.5,444.7,1
40.0,502,1,13329.3,13062.8,266.6,1
70.0,3895,1,23372.9,18854.1,467.5,1
67.0,2115,0,24523.1,21743.8,490.5,1
71.0,1495,1,26646.7,26113.8,532.9,1
75.0,577,1,23166.8,18070.1,463.3,1
50.0,2912,1,25691.2,25177.4,513.8,1
77.0,2465,1,26492.9,23048.8,529.9,1
59.0,1159,1,24662.8,22114.3,493.3,1
55.0,2101,1,16503.1,12927.4,330.1,1
19.0,80,1,5336.6,338.0,1014.0,1
100.0,1528,0,31986.3,25055.9,1172.8,1
44.0,1605,1,20815.1,16721.4,416.3,1
8.0,146,1,2408.3,971.4,1437.0,1
51.0,4010,1,20996.7,18477.1,419.9,0
15.0,156,1,7500.1,4950.1,150.0,1
65.0,2218,1,24661.4,19564.7,493.2,1
10.0,966,1,3001.4,1530.7,1470.7,1
37.0,905,1,14849.9,11434.4,297.0,1
56.0,999,0,18890.2,13663.9,377.8,1
82.0,569,0,26057.9,20585.7,521.2,1
60.0,1623,1,24840.1,18961.3,496.8,1
45.0,3148,1,16766.1,14139.4,335.3,1
39.0,8354,1,15120.0,11894.4,302.4,1
7.0,1236,1,2009.1,234.4,1774.7,1
41.0,4945,0,15336.6,13189.5,306.7,1
18.0,119,1,5152.2,0.0,0.0,1
70.0,3138,1,26364.9,18894.8,527.3,1
46.0,2889,0,18827.6,15815.2,376.6,1
65.0,1649,0,24584.5,24092.8,491.7,1
66.0,1287,0,23963.0,20528.3,479.3,1
53.0,867,0,18347.4,17980.4,366.9,1
67.0,2543,1,22526.1,18846.8,450.5,1
65.0,6350,1,20832.0,16387.8,416.6,1
5.0,7906,1,1421.0,0.0,0.0,1
68.0,2344,0,24314.6,19694.8,486.3,1
8.0,382,1,2179.2,2135.6,43.6,1
5.0,0,1,1483.0,0.0,0.0,1
3.0,382,1,975.1,0.0,0.0,1
62.0,3981,1,23701.5,19593.2,474.0,1
59.0,3050,1,21055.9,18669.6,421.1,1
35.0,4539,1,14179.6,10776.5,283.6,1
81.0,6021,1,28478.9,26105.7,569.6,1
29.0,3918,1,13854.9,9837.0,277.1,1
70.0,6632,0,25322.7,20933.5,506.5,1
69.0,4148,1,24766.9,18740.3,495.3,1
82.0,3743,1,27269.7,22997.4,545.4,1
61.0,2586,1,22167.8,18177.6,443.4,1
47.0,191,1,17750.5,12247.8,355.0,0
49.0,2638,1,15948.9,12387.0,1860.7,1
13.0,282,1,3526.9,0.0,0.0,1
71.0,8083,0,23687.6,17055.1,473.8,1
67.0,1698,1,22526.9,17571.0,450.5,1
13.0,38,1,3535.8,2310.1,1225.7,1
60.0,1463,1,21466.1,18675.5,644.0,1
71.0,3072,1,23566.2,18774.4,471.3,1
82.0,1669,1,26864.9,23462.0,537.3,1
68.0,632,1,24442.7,20287.4,488.9,1
76.0,842,1,25351.0,20365.3,507.0,1
75.0,789,1,26321.5,21846.9,526.4,1
88.0,340,1,27256.1,25802.4,1453.7,1
60.0,741,1,18949.5,14780.6,379.0,1
75.0,2425,0,27236.7,26692.0,544.7,0
59.0,2819,1,24687.8,24194.1,493.8,1
6.0,71,1,1752.8,1717.8,35.1,1
67.0,1024,1,24233.4,19709.9,484.7,1
55.0,4798,1,29414.4,28826.1,588.3,1
82.0,572,0,35018.0,31516.2,700.4,1
73.0,1703,1,26260.9,25735.7,525.2,1
47.0,1839,1,16011.4,13823.2,320.2,1
32.0,36,1,10158.5,8363.9,203.2,1
6.0,211,1,1656.5,1623.4,33.1,1
75.0,1075,1,25925.5,25407.0,518.5,1
86.0,3576,1,30427.1,27790.1,608.5,1
9.0,453,1,3582.6,2663.0,71.7,1
83.0,1431,1,28889.6,28311.8,577.8,1
88.0,2547,0,34622.9,28506.1,692.5,1
82.0,379,1,29890.2,25605.9,597.8,1
70.0,3923,1,24699.8,21735.8,494.0,1
72.0,2095,1,23261.1,19074.1,465.2,1
81.0,4635,1,26799.0,26263.1,536.0,1
89.0,1232,1,30589.2,28142.1,611.8,1
57.0,3803,1,18268.7,14614.9,365.4,1
84.0,2561,1,26912.4,22875.6,538.2,0
81.0,2021,0,25600.3,18090.9,512.0,1
63.0,846,1,21842.9,19877.0,436.9,1
81.0,1648,1,28688.3,26488.9,573.8,1
56.0,3156,1,19921.5,17929.3,398.4,1
33.0,184,1,13042.8,12781.9,260.9,1
52.0,4771,1,16721.6,12987.1,334.4,1
50.0,3906,1,16400.1,13721.4,328.0,1
100.0,2532,0,30871.0,26034.5,617.4,1
66.0,1674,1,21937.9,19451.6,438.8,1
71.0,5050,1,22737.8,19554.5,454.8,1
55.0,3986,1,17978.4,13184.1,359.6,1
71.0,2079,1,22434.4,17797.9,448.7,1
72.0,1349,1,26877.5,21950.0,537.6,1
70.0,3155,1,24591.7,22542.4,491.8,1
65.0,768,1,20918.9,17850.8,418.4,1
81.0,1701,1,29993.4,29393.5,599.9,1
65.0,3331,1,22074.3,21632.8,441.5,1
73.0,8004,1,24271.4,21358.9,485.4,1
96.0,731,1,31771.1,28276.3,635.4,1
74.0,1274,1,24572.7,24081.2,491.5,1
67.0,1851,1,24858.6,21046.9,497.2,1
76.0,3144,1,27516.2,22104.7,550.3,1
49.0,3784,1,18253.0,16062.7,365.1,1
72.0,3175,1,25634.0,23327.0,512.7,1
63.0,5860,1,22875.7,18605.6,457.5,1
65.0,3861,1,22330.3,21883.7,446.6,1
77.0,734,1,27744.9,21826.0,554.9,1
54.0,1543,1,19174.6,14444.8,383.5,1
93.0,2938,0,28671.0,25421.6,573.4,1
82.0,2145,1,31565.3,27882.7,631.3,1
81.0,3672,1,30263.6,29658.4,605.3,1
61.0,1865,1,21799.2,21363.2,436.0,1
12.0,9,1,3352.9,2525.9,827.1,1
84.0,1141,0,31807.1,26824.0,636.1,1
53.0,302,0,24517.0,22555.6,490.3,1
67.0,1590,1,21458.9,15021.2,2789.7,1
59.0,1030,1,18698.6,13837.0,374.0,1
70.0,2567,1,25264.4,21222.1,505.3,1
66.0,1381,1,25369.0,19703.3,507.4,0
65.0,2493,1,22702.8,18389.2,454.1,1
82.0,6830,1,28635.4,28062.7,572.7,1
71.0,3989,1,25713.2,25198.9,514.3,1
70.0,4375,1,23490.3,23020.5,469.8,1
88.0,2352,0,33200.2,29548.2,664.0,1
65.0,1628,0,23308.1,19734.2,466.2,1
76.0,390,1,27004.8,26464.7,540.1,1
55.0,5171,1,21998.7,16719.0,440.0,1
59.0,2064,1,21360.8,17729.4,427.2,1
66.0,3901,1,18535.2,18164.5,370.7,1
89.0,2750,0,30606.6,29994.5,612.1,1
92.0,4173,0,26626.9,20680.2,532.5,1
63.0,4503,1,24305.0,23818.9,486.1,1
62.0,5968,1,23837.6,17719.3,476.8,1
50.0,3238,1,16246.6,10776.9,324.9,1
49.0,3125,1,14315.7,10689.0,286.3,1
73.0,1182,0,27080.0,22837.5,541.6,1
91.0,782,0,33876.4,28569.1,677.5,1
66.0,1177,1,22601.4,18156.5,2034.1,1
76.0,748,1,21232.7,20808.1,424.7,1
42.0,4621,0,12691.3,10279.9,253.8,1
35.0,1374,1,11163.0,10939.7,223.3,1
63.0,4598,1,24150.0,20608.0,483.0,1
18.0,247,1,5120.0,3328.0,102.4,1
59.0,252,1,17259.3,12024.0,345.2,1
77.0,2809,1,26054.9,25533.8,521.1,1
100.0,3735,0,31580.7,30949.1,631.6,1
77.0,1207,1,24974.2,21477.8,499.5,1
55.0,2805,0,16201.6,11179.1,324.0,0
54.0,3020,1,16516.5,16186.2,330.3,1
64.0,1938,1,19116.5,13955.0,1529.3,1
52.0,200,1,16151.4,13997.9,323.0,1
87.0,1027,0,27678.8,20943.6,553.6,1
61.0,348,1,20128.0,17645.6,402.6,1
59.0,59,1,18317.0,15142.0,366.3,1
68.0,1024,1,24311.7,18395.8,486.2,1
68.0,2692,1,24091.8,22405.4,481.8,1
94.0,1001,0,32093.8,31451.9,641.9,1
55.0,211,1,17178.5,16835.0,343.6,1
80.0,1905,0,33101.7,30894.9,662.0,1
61.0,1636,1,19217.6,16399.0,384.4,1
70.0,4820,0,21897.9,17810.3,438.0,0
19.0,8,0,7264.1,5012.2,145.3,1
36.0,68,1,11662.1,8085.7,233.2,1
26.0,68,1,7211.2,1538.4,1105.7,1
60.0,2923,1,23873.0,23395.5,477.5,1
66.0,1110,0,25471.0,20461.7,509.4,1
35.0,2942,1,11450.6,7748.2,1755.8,1
91.0,1920,0,37213.6,34608.6,744.3,1
64.0,4811,1,21062.7,17692.7,421.3,1
94.0,3377,0,33138.2,32475.5,662.8,1
64.0,1181,1,21588.8,21157.0,431.8,1
57.0,3131,1,19412.3,19024.1,388.2,1
85.0,2037,0,29955.2,27059.5,599.1,1
33.0,368,0,14346.6,14059.7,286.9,1
63.0,1556,1,21899.0,21461.0,438.0,1
81.0,1519,1,26287.4,25761.7,525.7,1
64.0,3861,1,20969.0,20549.6,419.4,1
56.0,2062,1,18068.7,17707.3,361.4,1
25.0,98,1,7146.2,0.0,0.0,1
70.0,3154,1,22059.2,19853.3,441.2,1
52.0,813,1,20230.7,17870.5,404.6,1
65.0,1405,1,21040.5,16551.9,420.8,1
68.0,2499,1,23029.9,22569.3,460.6,1
86.0,1418,1,30810.0,26599.3,616.2,1
65.0,2242,1,21596.4,21164.4,431.9,1
73.0,11188,1,21292.2,17388.6,425.8,1
77.0,690,0,27147.8,22080.2,543.0,1
83.0,1931,0,26419.6,24394.1,528.4,1
82.0,1047,0,26945.6,22903.7,538.9,1
62.0,550,1,18480.6,18111.0,369.6,1
88.0,633,0,25323.8,20174.6,506.5,1
63.0,1618,0,18196.3,17832.4,363.9,1
58.0,948,1,18714.7,18340.4,374.3,1
55.0,1437,1,15731.1,15416.5,314.6,1
61.0,2766,0,24458.0,17446.7,489.2,1
6.0,3462,0,1682.7,1649.0,33.7,1
67.0,436,1,25923.5,20911.7,518.5,1
69.0,7067,0,27344.2,26797.3,546.9,1
67.0,2307,0,30446.7,29837.7,608.9,1
61.0,3009,0,26386.4,22516.4,527.7,1
53.0,2896,1,23704.2,23230.1,474.1,1
95.0,1218,0,28654.1,28081.0,573.1,1
62.0,460,0,22712.4,22258.2,454.2,1
75.0,1993,0,24063.1,23581.8,481.3,1
84.0,624,1,28056.1,25157.0,561.1,1
100.0,2543,0,30062.1,22947.4,601.2,1
54.0,9583,1,15821.0,15504.6,316.4,1
95.0,8562,1,28860.7,28283.5,577.2,1
94.0,9997,1,29517.4,27451.2,590.3,1
97.0,9859,1,28005.2,27445.1,560.1,1
49.0,2160,1,15031.0,11122.9,300.6,1
94.0,2627,0,30755.6,23886.9,615.1,1
80.0,1751,0,23517.5,23047.1,470.3,1
69.0,289,1,21292.1,20866.2,425.8,1
75.0,6656,1,24934.6,24435.9,498.7,1
84.0,5611,1,26510.9,21650.6,530.2,1
74.0,4571,1,23919.1,20650.1,478.4,1
100.0,869,0,32224.6,28894.7,644.5,1
42.0,1254,1,12840.8,10101.5,256.8,1
11.0,138,1,3164.1,2573.5,590.6,1
10.0,138,0,2733.5,2678.8,54.7,1
88.0,1475,1,30115.7,29513.3,602.3,1
84.0,9058,1,25215.0,20256.0,504.3,1
60.0,6834,1,17324.4,15014.5,346.5,1
90.0,7663,1,25473.1,24963.7,509.5,1
97.0,5064,1,27910.1,27351.9,558.2,1
96.0,1424,0,30615.5,23778.0,612.3,1
68.0,4513,1,22453.2,22004.1,449.1,1
73.0,5937,1,21638.3,21205.5,432.8,1
73.0,10657,1,21952.5,21513.5,439.1,1
71.0,6315,1,21484.4,21054.7,429.7,1
65.0,6405,1,19447.0,19058.0,388.9,1
73.0,6317,1,21564.2,21132.9,431.3,1
81.0,3745,1,24246.0,23761.0,484.9,1
74.0,2046,1,22611.5,22159.3,452.2,1
67.0,4967,1,21051.7,20630.7,421.0,1
65.0,10845,1,20162.7,19759.4,403.3,1
100.0,647,1,33137.0,32474.3,662.7,1
65.0,1525,1,19660.5,16842.5,393.2,1
82.0,1484,0,24586.6,20406.9,1065.4,1
94.0,758,0,29618.5,29026.1,592.4,1
55.0,2890,1,15705.5,11569.7,2931.7,1
62.0,7291,1,18780.2,18404.6,375.6,1
79.0,5436,1,22776.1,18904.2,455.5,1
31.0,2740,1,9361.6,7707.7,187.2,1
70.0,2020,1,21248.6,15511.4,425.0,1
72.0,1228,1,21294.8,14693.4,425.9,1
31.0,160,1,9095.6,8913.7,181.9,1
63.0,113,1,18921.8,16714.3,378.4,1
100.0,5984,1,36282.1,33863.3,725.6,1
100.0,9621,0,36892.5,36154.6,737.8,1
69.0,4283,1,23999.3,21919.3,480.0,1
98.0,2782,0,30734.5,30119.8,614.7,1
79.0,1429,1,25104.8,24602.7,502.1,1
82.0,5940,1,25799.5,23821.5,516.0,1
90.0,673,1,26956.2,26417.0,539.1,1
65.0,3079,1,21357.4,16943.5,427.1,1
86.0,1715,0,39973.4,39173.9,799.5,1
8.0,1140,0,2384.0,0.0,0.0,1
100.0,79,0,32133.0,31490.3,642.7,0
98.0,966,0,30501.0,29890.9,610.0,1
59.0,2003,1,17942.5,17583.7,358.9,1
90.0,2015,1,29030.0,26707.6,580.6,1
83.0,3989,0,27909.8,27351.6,558.2,1
68.0,230,1,21577.8,19851.6,431.6,1
44.0,3916,0,14891.7,10324.9,297.8,1
62.0,65,0,23953.4,17246.4,2076.0,1
81.0,2324,0,27815.2,24755.5,556.3,1
68.0,1153,0,23733.5,21755.7,474.7,1
44.0,1285,1,16955.6,15316.6,339.1,1
100.0,2563,0,30664.1,30050.9,613.3,1
73.0,1633,0,23358.5,22891.3,467.2,1
88.0,1048,0,30466.5,28333.9,609.3,1
68.0,1085,1,24159.6,18119.7,483.2,1
97.0,1014,1,28376.9,23552.9,567.5,1
6.0,202,1,1635.0,1602.3,32.7,1
86.0,704,0,29671.8,29078.3,593.4,1
93.0,924,0,30943.0,28570.7,618.9,1
100.0,1335,0,35776.9,35061.3,715.5,1
92.0,405,0,29733.2,29138.5,594.7,1
79.0,403,1,27799.5,27243.5,556.0,1
79.0,2451,1,27058.1,22097.4,541.2,1
77.0,797,1,28689.2,28115.4,573.8,1
98.0,5110,0,32055.8,31414.6,641.1,1
60.0,1100,1,22966.2,18526.1,459.3,1
55.0,2472,1,20213.7,19809.4,404.3,1
90.0,1374,0,31877.8,31240.3,637.6,1
54.0,7770,1,23248.5,22783.5,465.0,0
48.0,424,1,18647.8,18274.9,373.0,1
76.0,1348,0,26560.5,26029.3,531.2,1
70.0,964,0,30992.3,30372.5,619.8,1
64.0,944,1,26549.4,26018.4,531.0,1
75.0,943,0,28523.9,27953.5,570.5,1
62.0,1331,1,21030.3,20609.6,420.6,1
84.0,1643,1,28631.2,28058.6,572.6,0
59.0,2437,1,20002.7,19602.6,400.1,0
43.0,156,1,13906.6,13628.5,278.1,1
44.0,31,0,13060.6,12799.3,261.2,1
60.0,902,1,22172.8,21729.3,443.5,1
60.0,1276,1,20887.3,20469.6,417.7,1
42.0,3500,1,14560.6,14269.4,291.2,1
96.0,3713,0,29012.5,28432.2,580.2,1
90.0,803,0,28693.2,28119.3,573.9,1
16.0,392,0,4675.1,4581.6,93.5,1
84.0,916,0,28796.2,26492.5,575.9,1
57.0,325,1,17753.4,17398.3,355.1,1
46.0,8311,1,19748.9,15140.8,395.0,1
94.0,1502,0,29575.8,28984.3,591.5,1
77.0,372,0,31388.4,30760.7,627.8,1
85.0,346,0,28144.9,25611.9,562.9,1
82.0,865,0,29547.1,28956.2,590.9,1
81.0,5887,1,30134.3,26016.0,602.7,1
9.0,1884,0,2490.5,539.6,49.8,1
72.0,229,0,27083.1,26541.4,541.7,1
82.0,844,1,27142.2,22799.4,542.8,1
70.0,595,1,24458.4,21360.3,489.2,1
78.0,385,1,27077.1,26535.6,541.5,1
78.0,1198,0,27086.8,26545.0,541.7,1
76.0,649,1,26092.8,25570.9,521.9,1
70.0,709,1,23847.7,23370.8,477.0,1
94.0,715,0,31630.0,26252.9,632.6,1
71.0,676,1,22699.7,22245.7,454.0,1
4.0,155,1,1013.5,0.0,0.0,1
66.0,511,1,23342.5,22875.6,466.8,1
66.0,511,1,23342.5,22875.6,466.8,1
18.0,392,1,4995.7,4895.8,99.9,1
52.0,31,1,16138.4,15815.6,322.8,1
61.0,1555,0,19356.3,14323.7,387.1,1
18.0,411,1,5147.5,5044.6,103.0,1
55.0,492,0,18930.8,18552.2,378.6,1
77.0,1690,0,26505.6,25975.4,530.1,1
84.0,1515,0,28640.0,25489.6,572.8,1
90.0,726,0,31185.5,30561.8,623.7,1
49.0,1809,1,15892.9,12025.6,317.9,1
76.0,1187,0,27406.6,22473.4,548.1,1
77.0,1199,0,30303.3,27171.9,606.1,1
66.0,1462,0,22735.5,22280.8,454.7,1
83.0,918,0,31975.0,27605.1,639.5,1
71.0,1578,0,27136.8,26594.1,542.7,1
56.0,3026,1,21489.4,19125.5,429.8,1
51.0,1109,1,17256.9,13287.8,345.1,1
80.0,1281,0,29011.4,28431.2,580.2,1
69.0,1642,0,25045.3,20036.2,500.9,1
74.0,911,0,27123.8,23959.4,542.5,1
54.0,464,0,20050.0,19649.0,401.0,1
51.0,950,1,16385.4,16057.7,327.7,1
51.0,311,1,19209.6,14983.5,384.2,1
66.0,4417,0,23493.6,23023.7,469.9,1
63.0,2432,1,20508.0,20097.8,410.2,1
70.0,1969,0,24400.5,19195.1,488.0,1
40.0,2593,0,14198.9,11264.4,284.0,1
100.0,1559,0,33009.8,29488.8,660.2,1
49.0,376,1,16254.5,15929.4,325.1,1
52.0,132,1,16364.6,14346.3,327.3,1
76.0,1917,0,26357.4,25830.3,527.1,1
100.0,2586,0,35171.7,28723.5,703.4,1
73.0,1609,0,24677.0,24183.5,493.5,1
89.0,657,0,30000.1,29400.1,600.0,1
79.0,1745,0,28256.4,27691.3,565.1,1
82.0,639,0,26589.7,26057.9,531.8,1
82.0,712,0,26463.2,21523.4,529.3,1
80.0,1998,0,27539.4,26988.6,550.8,1
11.0,2011,1,3255.3,151.9,3103.4,1
55.0,2026,1,17547.5,17196.6,351.0,1
98.0,1697,0,32256.6,31611.5,645.1,1
84.0,248,0,39322.1,38535.7,786.4,1
47.0,808,1,16352.7,16025.6,327.1,1
31.0,173,0,10374.2,10166.7,207.5,1
69.0,525,0,22067.4,21626.0,441.3,1
77.0,759,0,27953.9,23388.1,559.1,1
76.0,1332,0,28608.2,21074.7,572.2,1
58.0,2434,0,20947.7,19202.1,419.0,1
59.0,883,0,19493.6,19103.7,389.9,0
65.0,58,0,22092.3,21650.4,441.8,1
44.0,770,1,14475.5,9505.6,289.5,1
8.0,1415,1,6720.8,6586.3,134.4,1
59.0,1512,0,20388.6,19980.8,407.8,1
100.0,2055,0,34454.2,33765.1,689.1,1
77.0,1041,1,26284.3,25758.6,525.7,1
45.0,1367,1,19027.5,16109.9,380.5,1
31.0,2710,1,13544.1,9706.6,270.9,1
81.0,5432,1,30991.0,30371.2,619.8,1
71.0,772,1,26940.2,21282.8,538.8,1
78.0,1943,0,28244.8,27679.9,564.9,1
63.0,534,0,22880.6,22422.9,457.6,1
50.0,2383,1,21997.5,18624.6,440.0,1
25.0,90,1,6973.5,1580.7,1627.2,1
47.0,2678,1,21568.5,18620.8,431.4,1
25.0,2647,1,13790.7,11768.0,275.8,1
12.0,80,1,3555.7,0.0,0.0,1
50.0,3215,1,21426.6,19998.2,428.5,1
62.0,2351,0,25188.7,21410.4,503.8,1
63.0,1228,0,24064.0,19892.9,481.3,1
67.0,905,0,29145.4,28562.5,582.9,1
48.0,186,1,15632.2,12297.4,312.6,1
61.0,3368,1,24662.1,21867.1,493.2,1
75.0,1372,1,28020.9,27460.4,560.4,1
36.0,3038,1,13925.2,12347.0,278.5,1
25.0,89,1,8776.9,7518.9,175.5,1
55.0,619,0,19977.6,19578.1,399.6,1
92.0,3265,0,33552.8,32881.8,671.1,1
71.0,380,1,23639.2,23166.4,472.8,1
57.0,802,1,21760.0,18205.9,435.2,1
58.0,860,1,26065.5,23980.2,521.3,1
77.0,3908,1,29346.5,24748.9,586.9,1
95.0,1483,0,38156.2,37393.1,763.1,1
77.0,1106,1,35092.0,26786.9,701.8,1
59.0,1046,1,24247.7,22227.1,485.0,1
80.0,2419,1,29384.7,23116.0,587.7,1
71.0,1122,1,24953.3,22042.1,499.1,1
45.0,2736,0,28707.1,27558.8,1148.3,1
53.0,601,0,29304.5,28718.4,586.1,1
66.0,1263,1,22845.8,19190.5,456.9,1
61.0,3004,1,20085.9,19684.1,401.7,1
52.0,4440,1,18407.7,16076.1,368.2,1
77.0,2767,0,25433.0,21872.4,508.7,1
74.0,3064,0,25768.4,25253.0,515.4,1
62.0,2153,1,21241.6,16851.6,424.8,1
16.0,90,1,6722.0,0.0,0.0,1
16.0,19,1,4573.0,2606.6,1204.2,1
70.0,3278,1,22640.7,18716.3,452.8,1
70.0,0,1,24062.2,19169.6,481.2,1
86.0,3233,0,27769.9,25085.5,555.4,1
58.0,0,1,19926.2,14944.6,398.5,1
5.0,0,1,1787.0,89.4,1697.7,1
81.0,1521,1,26310.9,23592.1,526.2,1
76.0,2283,1,24258.7,23773.5,485.2,1
73.0,2738,1,24566.0,21945.6,491.3,1
63.0,3715,1,21156.3,16643.0,423.1,1
77.0,1601,1,25687.2,25173.4,513.7,1
58.0,2431,1,18811.7,18435.5,376.2,1
51.0,1824,1,16377.7,11464.4,327.6,1
45.0,1855,1,14685.6,12433.8,293.7,1
63.0,957,1,21135.4,17542.4,422.7,1
62.0,2289,1,20408.2,16666.7,408.2,1
46.0,3073,1,15191.6,13267.3,303.8,1
41.0,248,1,13740.4,9343.4,274.8,1
67.0,4084,1,24264.9,21029.5,485.3,1
53.0,3591,1,17061.5,13649.2,341.2,1
65.0,1382,1,22532.1,20429.1,450.6,1
70.0,3068,1,26158.6,21798.9,523.2,1
71.0,2481,1,23863.3,19170.2,477.3,1
66.0,2265,1,22145.6,18897.6,442.9,1
71.0,1981,0,25130.1,22533.3,502.6,1
76.0,1163,0,26723.2,23961.8,534.5,1
50.0,2525,1,17076.5,16735.0,341.5,1
72.0,1028,1,27021.0,24409.0,540.4,1
56.0,1371,1,18696.3,15144.0,373.9,1
77.0,4629,1,26089.0,24262.8,521.8,1
59.0,1574,1,19650.8,19257.7,393.0,1
75.0,2300,0,24350.9,21104.1,1623.4,1
69.0,1358,0,24385.2,19020.5,487.7,1
62.0,1249,1,22212.2,19842.9,444.2,1
55.0,576,1,18660.4,15363.7,373.2,1
54.0,2718,1,17450.9,14077.1,349.0,1
21.0,576,1,7081.1,1251.0,1628.7,1
71.0,1824,1,24099.3,19681.1,482.0,1
29.0,318,1,8925.0,2915.5,3123.7,1
4.0,318,1,1172.9,0.0,0.0,1
66.0,838,0,23795.2,18243.0,475.9,1
68.0,807,1,22393.9,16347.6,447.9,1
67.0,650,1,21791.5,21355.6,435.8,1
56.0,2327,1,17159.3,16816.1,343.2,0
40.0,2152,1,12421.5,12173.1,248.4,1
8.0,125,1,2350.7,0.0,0.0,1
43.0,2094,1,13647.3,11099.8,2047.1,1
75.0,2014,1,25169.9,22233.4,503.4,1
71.0,4941,1,23692.2,23218.4,473.8,1
82.0,2074,1,28139.8,27577.0,562.8,1
46.0,4436,1,15780.6,14781.1,315.6,1
11.0,734,1,3307.1,2226.8,1080.3,1
43.0,3869,1,14118.5,13836.1,282.4,1
41.0,2114,1,13907.1,11311.1,278.1,1
92.0,5352,1,32536.0,30367.0,650.7,1
49.0,4378,1,17131.8,16789.2,342.6,1
67.0,2016,1,24220.1,19214.6,484.4,1
67.0,2690,1,22715.4,22261.1,454.3,1
49.0,1152,1,15250.1,14945.1,305.0,1
18.0,11,1,5183.5,1123.1,1917.9,1
43.0,698,1,15416.3,11665.0,308.3,1
81.0,1857,0,30577.3,26908.0,611.5,1
67.0,1054,1,22111.4,19458.0,442.2,1
81.0,2316,1,31155.2,30532.1,623.1,1
65.0,2772,1,21156.0,20732.9,423.1,1
45.0,1359,0,29145.0,28562.1,582.9,1
74.0,1482,1,25599.7,19797.1,512.0,1
31.0,2979,1,26414.9,25886.6,528.3,1
76.0,2700,1,26545.4,23182.9,530.9,1
86.0,6127,1,29798.6,29202.6,596.0,1
72.0,2621,1,24674.8,21302.6,493.5,1
53.0,4861,1,17422.2,15796.2,348.4,1
69.0,6482,1,21515.1,18431.3,430.3,1
83.0,8450,1,32614.5,31962.2,652.3,1
45.0,4993,1,14859.5,12283.8,297.2,1
49.0,2637,0,25942.7,22137.8,518.9,1
62.0,329,1,21607.4,17430.0,432.1,1
47.0,3141,1,17366.5,14124.8,347.3,1
48.0,210,1,18082.9,14225.2,361.7,1
65.0,153,1,22363.2,21916.0,447.3,1
82.0,2110,0,29381.5,21840.2,587.6,1
38.0,2273,1,13770.2,10649.0,275.4,1
31.0,1028,0,12621.4,8246.0,252.4,1
4.0,2512,1,1068.6,1047.2,21.4,1
4.0,2512,1,1068.6,1047.2,21.4,1
63.0,662,1,22546.2,22095.3,450.9,1
34.0,500,1,11769.1,8120.7,235.4,1
71.0,222,1,26860.6,23995.4,537.2,1
46.0,554,1,16363.8,16036.6,327.3,1
45.0,1317,1,15109.1,14806.9,302.2,1
59.0,4076,1,20108.8,19706.6,402.2,1
91.0,3273,0,30759.5,27683.6,615.2,1
99.0,10034,0,33769.2,33093.8,675.4,1
66.0,1920,0,38992.0,38212.2,779.8,1
65.0,1100,0,22496.7,22046.8,449.9,1
72.0,4787,1,24087.4,20474.3,481.7,1
73.0,2349,1,24338.9,23852.1,486.8,1
33.0,1937,1,27612.4,26507.9,552.2,1
80.0,1420,1,27269.0,24633.0,545.4,1
85.0,2404,1,28456.8,27887.7,569.1,1
78.0,2265,0,27072.6,23823.9,541.5,1
87.0,5669,0,38071.8,37310.3,761.4,1
79.0,1122,1,26542.8,23888.6,530.9,1
77.0,1427,1,24817.3,22418.3,2399.0,1
42.0,832,1,13486.8,9305.9,269.7,1
63.0,2154,1,20888.9,20471.2,417.8,1
59.0,1695,1,19828.8,19432.2,396.6,1
83.82784175779233,10000,1,29000.0,27000.0,200.0,1
45.0,10000,1,27000.0,15000.0,2000.0,0
65.8438735823832,10000,1,25000.0,15000.0,4000.0,0
